run,n,score,transcript
gemma4-12b__kokoro-piper__0930-0855,2,5,"Оценка: 5. Отличный, естественный ответ, прекрасное произношение. Ударение и интонация как у носителя, диалог продолжается легко и непринужденно."
gemma4-12b__kokoro-piper__0930-0855,1,4,"Оценка: 4. Отличное, грамматически правильное произношение и приветливый тон, однако реплика звучит немного шаблонно и не учитывает, что ученица уже готова к занятию."
gemma4-12b__kokoro-piper__0930-0855,3,4,"Оценка: 4. Плюс за хорошее, естественное произношение и грамматику, но минус за то, что учитель проигнорировал вопрос ученицы ""E tu?"" и сразу перешёл к цифрам."
gemma4-12b__kokoro-piper__0930-0855,4,2,"Оценка: 2. Учитель говорит طبیعی, но пропускает ошибку в слове quattro и просит повторить правильные цифры, вместо того чтобы исправить ученицу."
gemma4-12b__kokoro-piper__0930-0855,6,5,"Оценка: 5. Прекрасный, вежливый и естественный ответ для уровня А1: учитель сразу предложил идеальную формулу вежливости и вовлёк ученицу в диалог. Минусов нет."
gemma4-12b__kokoro-piper__0930-0855,5,3,"Оценка: 3.
Плюс: отличная интонация и естественное произношение. Минус: логическая ошибка — учитель назвал числа 4, 5, 6 «последующими» (*successivi*), хотя они идут до названных."
gemma4-12b__kokoro-piper__0930-0855,8,5,"Оценка: 5. Отличная, живая интонация и прекрасный выбор для перехода к практике. Минусов нет, учитель молодец."
gemma4-12b__kokoro-piper__0930-0855,9,2,"Оценка: 2
Учитель исправил ошибку с окончанием, но пропустил глагол ""ho"", поэтому ответ содержит грубую грамматическую ошибку."
gemma4-12b__kokoro-piper__0930-0855,7,5,"Оценка: 5. Отличный, естественный ответ: учитель похвалил ученицу за правильную фразу и сразу предложил новую полезную конструкцию для заказа. Всё чётко, понятно и по делу, без лишней теории на начальном этапе."
gemma4-12b__qwen3tts__0930-0856,1,5,"Оценка: 5. Отличное, тёплое приветствие с идеальным произношением, которое сразу настраивает ученицу на позитивный лад."
gemma4-12b__kokoro-piper__0930-0855,10,2,"Оценка: 2. С точки зрения итальянского языка всё грамотно, но ответ неуместен: ученица не ошиблась, и такая реакция только запутает студентку уровня A1."
gemma4-12b__qwen3tts__0930-0856,2,2,"Оценка: 2. Учитель не заметил, что студентка уже назвала свое имя, сделал ошибку в слове «bene» и неправильно произнес имя «Анна»."
gemma4-12b__qwen3tts__0930-0856,3,1,"Оценка: 1. Испанское слово вместо итальянского — это недопустимая ошибка, а методика требует большего внимания к естественному диалогу с учеником."
gemma4-12b__qwen3tts__0930-0856,4,4,"Оценка: 4. Учитель дружелюбен и аккуратно исправил ошибку в слове ""quattro"", но пропустил первую цифру."
gemma4-12b__qwen3tts__0930-0856,5,4,"Оценка: 4. Учитель хвалит и говорит естественно, но просить повторить всю последовательность заново не было необходимости — лучше было бы начать с единицы."
gemma4-12b__qwen3tts__0930-0856,7,5,"Оценка: 5. Отличная реакция, учитель не только похвалил студентку, но и сразу дал полезную и естественную фразу для продолжения диалога в кафе. Коротко, четко и по делу."
gemma4-12b__qwen3tts__0930-0856,6,5,"Оценка: 5. 
Отличный ответ: фраза вежливая и естественная, произношение безупречное, а призыв повторить сразу вовлекает ученицу в практику. Минусов нет, все четко и по делу."
gemma4-12b__qwen3tts__0930-0856,8,5,"Оценка: 5. Прекрасная, эмоциональная подача и отличный педагогический подход — учитель мягко направляет ученицу к более вежливым фразам."
gemma4-12b__qwen3tts__0930-0856,9,5,"Оценка: 5. Прекрасный, чёткий ответ: учитель исправил ошибку, не перегружая ученицу теорией, и дал ей возможность закрепить правильный вариант. Идеально для уровня А1."
gemma4-e4b__kokoro-piper__0930-0900,1,4,"Оценка: 4. Учитель звучит естественно и правильно, но ответ слишком шаблонный и мало вовлекает ученицу в начале урока."
gemma4-12b__qwen3tts__0930-0856,10,2,"Оценка: 2. С точки зрения итальянского языка всё правильно, но ответ учителя совершенно не соответствует контексту: он делает вид, что не понял простую фразу, что пугает ученицу."
gemma4-e4b__kokoro-piper__0930-0900,2,4,"Оценка: 4. Учитель звучит очень естественно и приветливо, но он упустил возможность исправить лишнее местоимение «Io», которое обычно опускается в итальянском."
gemma4-e4b__kokoro-piper__0930-0900,4,2,"Оценка: 2. Учитель пропустил ошибку в слове quattro и допустил грамматическую ошибку в похвале, сказав ""Ottimo iniziare"" вместо правильного ""Ottimo inizio""."
gemma4-e4b__kokoro-piper__0930-0900,3,3,"Оценка: 3. Итальянец говорит «d'Italia» или «dell'Italia», а не просто «di Italia», и лучше не пропускать такие ошибки на уровне A1. Плюс в том, что учитель сразу задает позитивный тон."
gemma4-e4b__kokoro-piper__0930-0900,7,5,"Оценка: 5. Отличная позитивная реакция и прекрасныйводящий вопрос, который стимулирует ученицу практиковаться дальше."
gemma4-e4b__kokoro-piper__0930-0900,5,5,"Оценка: 5. Отличное, живое произношение и очень правильная, мягкая реакция на ответ ученицы. Единственный маленький момент — учитель не предложил конкретных упражнений для закрепления, но это уже на его усмотрение."
gemma4-e4b__kokoro-piper__0930-0900,6,5,"Оценка: 5. Отличная, мягкая подача и правильная, очень вежливая фраза, идеально подходящая для уровня A1. Никаких минусов не заметил."
gemma4-e4b__kokoro-piper__0930-0900,8,5,"Оценка: 5. Плюсы: отличный естественный акцент и очень четкий, поддерживающий ответ, который сразу дает ученице готовый шаблон для ответа."
gemma4-e4b__kokoro-piper__0930-0900,9,5,"Оценка: 5. Учитель отлично объяснил правило про возраст, голос звучит естественно и тепло. Минус в том, что лучше сказать «ho vent'anni», вместо «ho venti anni», хотя для уровня A1 это допустимо."
gemma4-e4b__kokoro-piper__0930-0900,10,2,"Оценка: 2. Плюсы — правильная речь и хорошее произношение. Минус — учитель не понял простейшее приветствие и дал неадекватный ответ, что может смутить ученицу."
gemma4-e4b__qwen3tts__0930-0854,1,5,"Оценка: 5. Отличное произношение и грамматически верный, воодушевляющий ответ, который сразу настраивает на продуктивную работу. Минусов нет, учитель звучит живо и профессионально."
gemma4-e4b__qwen3tts__0930-0854,2,4,"Оценка: 4. Учитель звучит очень естественно и дружелюбно, но проглотил окончание в слове ""piacere"" и не исправил повторение местоимения в ответе ученицы."
gemma4-e4b__qwen3tts__0930-0854,3,4,"Оценка: 4. Учитель говорит уверенно и естественно, однако немного запнулся в начале и сразу перешел к новой теме, не проверив, поняла ли ученица ответ."
gemma4-e4b__qwen3tts__0930-0854,4,2,"Оценка: 2. Учитель пропустил ошибку в слове «quattro», а вместо «uno» зачем-то начал считать с «meno»."
gemma4-e4b__qwen3tts__0930-0854,5,5,"Оценка: 5. Прекрасная, живая интонация и отличная реакция — учитель сразу подхватил ученицу и плавно перевел тему на следующий шаг. Полное погружение в язык без лишней воды."
gemma4-e4b__qwen3tts__0930-0854,6,2,"Оценка: 2.

Плюс: правильная грамматика. Минус: учитель проигнорировал вопрос ученицы и вместо кофе заставил её учить цифры, что совсем не отвечает её текущему запросу."
gemma4-e4b__qwen3tts__0930-0854,7,5,"Оценка: 5. Отличное, естественное произношение и очень теплый, поддерживающий тон. Педагогически грамотно, учитель похвалил и плавно вернул ученицу к теме урока."
gemma4-e4b__qwen3tts__0930-0854,8,5,"Оценка: 5. Отличная реакция и естественный тон, учитель хвалит ученицу и бережно правит артикль, а переход к цифрам сделан очень плавно."
gemma4-e4b__qwen3tts__0930-0854,10,1,"Оценка: 1. Ответ учителя абсолютно не связан с репликой ученицы, что сбивает с толку и не помогает в обучении."
qwen35-9b__kokoro-piper__0930-0858,1,5,"Оценка: 5. Отличное, естественное произношение и правильные ударения. Преподаватель сразу вовлекает ученицу в диалог, задавая простой вопрос для начала."
qwen35-9b__kokoro-piper__0930-0858,2,4,"Оценка: 4. Учитель говорит естественно, хвалит ученицу и вовлекает в диалог, но запутал в исправлении: назвал её ""Bravo"" в мужском роде и придумал ошибку в употреблении имени."
qwen35-9b__kokoro-piper__0930-0858,3,2,Оценка: 2. Учитель исправил правильную фразу ученицы на ту же самую и запутал ее.
qwen35-9b__kokoro-piper__0930-0858,5,5,"Оценка: 5. Плюсы — отличная реакция, ясный пример для следующего упражнения и мягкий, поддерживающий тон. Минусов нет."
qwen35-9b__kokoro-piper__0930-0858,4,2,"Оценка: 2. Учитель не заметил явную ошибку в произношении слова «quattro» и списал всё на сбой технологий, вместо того чтобы поработать с ученицей над правильным звуком."
qwen35-9b__kokoro-piper__0930-0858,6,5,"Оценка: 5. Прекрасный ответ: учитель сразу даёт вежливую форму и вовлекает ученицу в практику, произношение естественное. Минусов нет."
qwen35-9b__kokoro-piper__0930-0858,7,3,"Оценка: 3.
Плюс: прекрасное произношение и естественный голос. Минус: учитель ошибся в грамматике, назвав ученицу «Bravo» вместо «Brava», и сразу перегрузил A1 вопросом о цене."
qwen35-9b__kokoro-piper__0930-0858,8,2,"Оценка: 2. Учитель исправляет абсолютно правильную и естественную фразу, что только сбивает ученицу и вносит путаницу в базовую лексику."
qwen35-9b__kokoro-piper__0930-0858,9,5,"Оценка: 5. Отличный ответ: учитель исправил ошибку, дал правильную форму «anni» и сразу перевел внимание на естественное общение. Минусов нет, всё очень тепло и профессионально."
qwen35-9b__kokoro-piper__0930-0858,10,1,"Оценка: 1. Главный плюс — чистая итальянская речь. Минус в том, что учитель полностью проигнорировал контекст прощания ученицы, не ответил на ""a domani"" и начал заново представляться, что сбивает с толку."
qwen35-9b__qwen3tts__0930-0852,1,3,"Оценка: 3. Ответ получился тёплым и вовлекающим, но есть грамматическая ошибка «Buon lezione» вместо «Buona», и учитель её не исправил."
gemma4-e4b__qwen3tts__0930-0854,9,4,"Оценка: 4. Учитель мягко исправил ошибку, показав правильный вариант «hai 20 anni», но для уровня А1 стоило бы обратить внимание на окончание существительного."
qwen35-9b__qwen3tts__0930-0852,2,3,"Оценка: 3. Учитель правильно исправил ошибку с местоимением, но ошибся в роде, назвав ученицу ""Bravo"" вместо ""Brava""."
qwen35-9b__qwen3tts__0930-0852,3,3,"Оценка: 3. Главный плюс — энтузиазм и вовлечённость. Минус в том, что учитель случайно повторил фразу ученицы о Москве про себя, а конструкция «per la mia parte» звучит неестественно."
qwen35-9b__qwen3tts__0930-0852,4,3,"Оценка: 3.
Плюс: прекрасное произношение и доброжелательный тон. Минус: учитель пропустил очевидную ошибку в слове «quattro» и не исправил ученицу."
qwen35-9b__qwen3tts__0930-0852,5,5,"Оценка: 5. Плюсы: идеальное произношение и естественная интонация, четкая и мотивирующая обратная связь. Минусов нет, учитель отлично справился с задачей для уровня A1."
qwen35-9b__qwen3tts__0930-0852,6,5,"Оценка: 5. Прекрасный, вежливый ответ, отличная грамматика и идеальное произношение. Главный плюс — сразу дали правильную вежливую форму, а не просто прямой перевод."
qwen35-9b__qwen3tts__0930-0852,7,5,"Оценка: 5. Прекрасный, воодушевляющий ответ с естественным итальянским произношением и отличным продолжением диалога для практики. Минусов нет."
qwen35-9b__qwen3tts__0930-0852,8,,"Простите, я не услышал ответ учителя. Пожалуйста, повторите запись, чтобы я мог оценить произношение и естественность."
qwen35-9b__qwen3tts__0930-0852,10,1,"Оценка: 1. Ответ абсолютно не по делу, учитель не понял фразу ученицы и вместо естественного прощания ушел в сторону от темы."
qwen35-9b__qwen3tts__0930-0852,9,2,"Оценка: 2. Учитель не исправил главную грамматическую ошибку ученицы в слове «anni» и ушел от темы возраста к цене, поэтому для уровня A1 это неэффективно и запутывает."
gemma4-e4b__kokoro-piper__parakeet__stream__0930-0922,3,4,"Оценка: 4. У учителя отличное, естественное произношение, но ответ слишком короткий и не развивает диалог."
gemma4-e4b__kokoro-piper__parakeet__stream__0930-0922,2,5,"Оценка: 5. Отличный, живой ответ. Учитель говорит естественно, с приятным произношением, и сразу вовлекает ученицу в диалог."
gemma4-e4b__kokoro-piper__parakeet__stream__0930-0922,1,5,"Оценка: 5. Прекрасный, тёплый и приветливый ответ с отличным произношением. Для уровня А1 это идеальный тон для начала урока."
gemma4-e4b__kokoro-piper__parakeet__stream__0930-0922,4,5,"Оценка: 5. Учитель правильно и естественно произносит все числа, ненавязчиво исправляя ошибку ученицы в слове «quattro». Тон бодрый и мотивирующий."
gemma4-e4b__kokoro-piper__parakeet__stream__0930-0922,6,3,"Оценка: 3. Плюс за правильный и вежливый вариант «Vorrei un caffè», но учитель ошибся, сказав «dicci» вместо «dici» или «dimmi»."
gemma4-e4b__kokoro-piper__parakeet__stream__0930-0922,5,5,"Оценка: 5. Отличная итальянская интонация и очень теплая атмосфера для ученицы. Плюс — короткая и естественная реакция, подталкивающая к следующему шагу, минусов нет."
gemma4-e4b__kokoro-piper__parakeet__stream__0930-0922,8,5,"Оценка: 5. Отличная естественная интонация и поддерживающий тон, но для закрепления темы стоило бы назвать цену и продолжить диалог."
gemma4-e4b__kokoro-piper__parakeet__stream__0930-0922,7,5,"Оценка: 5. Прекрасное произношение и отличная естественная реакция, которая вовлекает студентку в живой диалог, поощряя её продолжать."
gemma4-e4b__kokoro-piper__parakeet__stream__0930-0922,9,4,"Оценка: 4. Учитель быстро исправил ошибку и заставил студентку повторить правильную форму, однако начальный вопрос мог её запутать."
gemma4-e4b__kokoro-piper__qwen3asr-1.7b__v2__0930-1010,2,3,"Оценка: 3. Плюс — учитель ответил вежливо, но есть грубая грамматическая ошибка «è di dove sei» вместо «e di dove sei» или «di dove sei»."
gemma4-e4b__kokoro-piper__qwen3asr-1.7b__v2__0930-1010,1,4,"Оценка: 4. Учитель говорит грамотно, с прекрасным натуральным произношением, но ответ звучит немного механически, так как ученица уже обратилась к нему по имени."
gemma4-e4b__kokoro-piper__parakeet__stream__0930-0922,10,3,"Оценка: 3. Плюс — голос звучит естественно и тепло. Минус — использовать одновременно ""Arrivederci"" и ""ciao"" для одного человека неестественно, лучше выбрать что-то одно."
gemma4-e4b__kokoro-piper__qwen3asr-1.7b__v2__0930-1010,4,2,"Оценка: 2. Учитель не исправил ошибку в слове «quattro» и пропустил важный момент для уровня A1, хотя интонация была естественной."
gemma4-e4b__kokoro-piper__qwen3asr-1.7b__v2__0930-1010,5,5,"Оценка: 5. Прекрасное, естественное произношение, тёплая поддержка ученицы и чёткое, логичное следующее задание. Минусов нет."
gemma4-e4b__kokoro-piper__qwen3asr-1.7b__v2__0930-1010,3,5,"Оценка: 5. Отличный, естественный итальянский и правильное произношение, но учитель мог бы немного похвалить ученицу за правильную речь перед тем, как переходить к новой теме."
gemma4-e4b__kokoro-piper__qwen3asr-1.7b__v2__0930-1010,7,3,"Оценка: 3. Грамматически всё верно, но реакция учителя неестественная и запутывает ученицу, заставляя спрашивать цену сразу после заказа."
gemma4-e4b__kokoro-piper__qwen3asr-1.7b__v2__0930-1010,6,5,"Оценка: 5. Отличный ответ: учитель предложил вежливую и естественную фразу для заказа и сразу предложил ученице повторить её для закрепления. Минусов нет, подход очень педагогичный."
gemma4-e4b__kokoro-piper__qwen3asr-1.7b__v2__0930-1010,8,4,"Оценка: 4. Учитель говорит с хорошим произношением и естественной интонацией, но ответ слишком формальный: он просто похвалил ученицу и дал новое задание, не поддержав диалог о кофе."
gemma4-e4b__kokoro-piper__qwen3asr-1.7b__v2__0930-1010,9,,"Я не услышал ответ учителя, который мне нужно оценить. Пожалуйста, повтори запись или текст ответа."
gemma4-e4b__kokoro-piper__qwen3asr-1.7b__v2__0930-1010,10,5,"Оценка: 5.
Главный минус — никаких: учитель ответил тепло, правильно и абсолютно естественно."
gemma4-e4b__qwen3tts__qwen3asr-1.7b__v2__0930-1012,1,5,"Оценка: 5. Отличный, естественный ответ для первого знакомства, грамматически всё абсолютно верно, и интонация очень приятная."
gemma4-e4b__qwen3tts__qwen3asr-1.7b__v2__0930-1012,2,5,"Оценка: 5. Плюсы — идеальный, естественный итальянский язык и очень тёплая, живая интонация. Минусы: нет, учитель отлично поддержал диалог, не перегружая ученицу А1 исправлением местоимения «Io»."
gemma4-e4b__qwen3tts__qwen3asr-1.7b__v2__0930-1012,3,3,"Оценка: 3. Главный плюс — естественный итальянский акцент, но существенный минус в том, что учитель не исправил ошибку: ученице нужно сказать «brava», а не «bravo», так как она девушка."
gemma4-e4b__qwen3tts__qwen3asr-1.7b__v2__0930-1012,4,1,"Оценка: 1. Учитель не исправил ошибку в слове «quattro» и зачем-то перевел тему на другое слово, не дав полезной обратной связи по произношению."
gemma4-e4b__qwen3tts__qwen3asr-1.7b__v2__0930-1012,5,5,"Оценка: 5. Прекрасное, живое произношение и мгновенная, естественная реакция учителя — он не стал затягивать, сразу похвалил ученицу и дал задание повторить."
gemma4-e4b__qwen3tts__qwen3asr-1.7b__v2__0930-1012,6,5,"Оценка: 5. Прекрасный ответ: вежливый, по делу и с отличным включением повторения для закрепления. Минусов нет, учитель звучит естественно и педагогически грамотно."
gemma4-e4b__qwen3tts__qwen3asr-1.7b__v2__0930-1012,7,5,"Оценка: 5. Ответ учителя естественный и вовлекает ученицу в диалог, помогая практиковать реальную ситуацию, хотя явных грамматических исправлений не потребовалось, так как фраза ученицы была идеальной."
gemma4-e4b__qwen3tts__qwen3asr-1.7b__v2__0930-1012,9,5,"Оценка: 5. Главный плюс — быстрая и чёткая корректировка ошибки с полезным упражнением на повторение, а произношение звучит естественно и энергично."
server__kokoro-piper__parakeet__cpu4c__0930-0240,1,5,"Оценка: 5. Отличное, естественное произношение и правильная итальянская речь, хотя вопрос ""Come ti chiami?"" немного избыточен, так как ученица уже назвала меня по имени."
server__kokoro-piper__parakeet__cpu4c__0930-0240,2,5,"Оценка: 5. Отличный, живой и грамматически правильный ответ. Учитель тепло приветствует ученицу и сразу задает логичный вопрос для продолжения беседы, не перебивая лишними исправлениями."
server__kokoro-piper__parakeet__cpu4c__0930-0240,3,4,"Оценка: 4. Учитель ответил грамотно, бегло и с отличным произношением, но не стал развивать диалог дальше или как-то обогащать базовую фразу ученицы."
server__kokoro-piper__parakeet__cpu4c__0930-0240,4,2,"Оценка: 2. Плюсы: хорошая естественная речь, но главный минус — учитель не исправил ошибку в слове «quattro» и запутал ученицу риторическим вопросом."
server__kokoro-piper__parakeet__cpu4c__0930-0240,5,5,"Оценка: 5. Отличное произношение и очень живая реакция учителя, которая поддерживает мотивацию ученицы. Минусов нет, всё по делу!"
server__kokoro-piper__parakeet__cpu4c__0930-0240,6,5,"Оценка: 5. Отличная, вежливая форма, прекрасное произношение и очень короткое, точное пояснение, понятное для уровня А1. Всё по делу, без воды."
server__kokoro-piper__parakeet__cpu4c__0930-0240,7,5,"Оценка: 5. Отличный, естественный ответ: учитель хвалит ученицу, вовлекает в диалог и сразу дает следующую полезную фразу."
server__kokoro-piper__parakeet__cpu4c__0930-0240,8,5,"Оценка: 5. Учитель звучит очень естественно и доброжелательно, правильно мотивирует ученицу, продолжая диалог."
server__kokoro-piper__parakeet__cpu4c__0930-0240,9,4,"Оценка: 4. Учитель отлично и с хорошим акцентом исправил ошибку, но немного резко переспросил в начале."
server__kokoro-piper__parakeet__cpu4c__0930-0240,10,5,"Оценка: 5. Отличный, живой и тёплый ответ с прекрасным итальянским произношением. Понравилось, что учитель не формально попрощался, а создал дружелюбную атмосферу."
gemma4-e4b__qwen3tts__qwen3asr-1.7b__v2__0930-1012,10,3,Оценка: 3. Главный плюс — естественное произношение и хороший итальянский. Минус — учитель просто повторил фразы и упустил момент похвалить за итальянский и мягко подтолкнуть к полному переходу на него.
server__kokoro-piper__server-asr__cpu4__0930-0300,1,3,"Оценка: 3. Плюс в правильном итальянском, но огромный минус в том, что он звучит механически и полностью игнорирует готовность ученицы к уроку."
server__kokoro-piper__server-asr__cpu4__0930-0300,2,4,"Оценка: 4. Плюсы — отличная естественная речь и правильность. Минус — ответ звучит немного формально, и учитель упустил шанс подсказать более естественную формулировку."
server__kokoro-piper__server-asr__cpu4__0930-0300,3,5,"Оценка: 5. Отличное, естественное произношение и правильный темп для уровня A1, а повторение помогает закрепить конструкцию. Минусов не вижу."
server__kokoro-piper__server-asr__cpu4__0930-0300,4,2,"Оценка: 2

Плюсы: у учителя приятный голос и бодрый, поддерживающий тон.

Минусы: учитель пропустил грубую ошибку в слове quattro, произнеся её без удвоенного согласного, а затем повторил её сам, вместо того чтобы исправить ученицу."
server__kokoro-piper__server-asr__cpu4__0930-0300,5,5,"Оценка: 5. Отличная естественная интонация и правильная реакция, учитель сразу вовлекает ученицу в диалог без лишней теории."
gemma4-e4b__qwen3tts__qwen3asr-1.7b__v2__0930-1012,8,,"[ошибка: received 1011 (internal error) You exceeded your current quota, please check your plan and billing details. For more information on this error, head to: h; then sent 1011 (internal error) You exceeded your current quota, please check your plan and billing details. For more information on this error,]"
server__kokoro-piper__server-asr__cpu4__0930-0300,7,3,"Оценка: 3. Отличное произношение и беглый итальянский, но учитель просто повторяет фразу ученицы, вместо того чтобы задать следующий вопрос."
server__kokoro-piper__server-asr__cpu4__0930-0300,6,5,"Оценка: 5. Отличный, естественный ответ: вежливая форма «vorrei» правильнее простого «voglio», а повторение за учителем помогает закрепить произношение."
server__kokoro-piper__server-asr__cpu4__0930-0300,8,5,"Оценка: 5. Отличная, естественная реакция учителя, правильное произношение и хороший ритм для продолжения диалога."
server__kokoro-piper__server-asr__cpu4__0930-0300,9,2,"Оценка: 2. Учитель говорит бегло, но упустил ошибку в числе (нужно «anni») и просто попросил повторить, не исправив студентку."
server__kokoro-piper__server-asr__cpu4__0930-0300,10,1,"Оценка: 1. Ответ учителя совершенно неуместен, так как ученица произнесла правильную фразу, а учитель сделал вид, что ничего не понял. Это только запутает студента и ломает ход урока."
