model,id,section,lang,variant,text,expected,wav,audio_s,gen_s,rtf,error
moss,it_context__ancora_ancora,it_context,it,plain,Vorrei ancora un caffè.,ancóra — ещё,it_context__ancora_ancora__plain.wav,2.32,8.99,3.874,
moss,it_context__ancora_ancora,it_context,it,accent,Vorrei ancóra un caffè.,ancóra — ещё,it_context__ancora_ancora__accent.wav,2.32,2.09,0.901,
moss,it_context__ancora_ancora,it_context,it,ipa,vorɾˈɛi ankˈora ʊn kaffˈɛ,ancóra — ещё,it_context__ancora_ancora__ipa.wav,4.96,4.32,0.871,
moss,it_context__ancora_ancora,it_context,it,ipa_word,"['ancora', 'ankˈora']",ancóra — ещё,it_context__ancora_ancora__ipa_word.wav,3.12,2.69,0.863,
moss,it_context__ancora_ancora2,it_context,it,plain,La nave getta l'ancora in porto.,àncora — якорь,it_context__ancora_ancora2__plain.wav,1.92,2.07,1.076,
moss,it_context__ancora_ancora2,it_context,it,accent,La nave getta l'àncora in porto.,àncora — якорь,it_context__ancora_ancora2__accent.wav,2.56,2.37,0.924,
moss,it_context__ancora_ancora2,it_context,it,ipa,la nˈave dʒˈɛtːa lˈankora in pˈɔrto,àncora — якорь,it_context__ancora_ancora2__ipa.wav,4.56,3.91,0.858,
moss,it_context__ancora_ancora2,it_context,it,ipa_word,"['ancora', 'ˈankora']",àncora — якорь,it_context__ancora_ancora2__ipa_word.wav,3.44,2.94,0.855,
moss,it_context__principi_principles,it_context,it,plain,I principi della fisica sono semplici.,princìpi — принципы,it_context__principi_principles__plain.wav,2.08,1.94,0.932,
moss,it_context__principi_principles,it_context,it,accent,I princìpi della fìsica sono sèmplici.,princìpi — принципы,it_context__principi_principles__accent.wav,2.24,2.08,0.927,
moss,it_context__principi_principles,it_context,it,ipa,i printʃˈipɪ dˌella fˈizika sˌono sˈɛmplitʃɪ,princìpi — принципы,it_context__principi_principles__ipa.wav,5.2,4.36,0.838,
moss,it_context__principi_principles,it_context,it,ipa_word,"['principi', 'printʃˈipɪ']",princìpi — принципы,it_context__principi_principles__ipa_word.wav,4.16,3.49,0.839,
moss,it_context__principi_princes,it_context,it,plain,Il re e la regina hanno due figli: sono principi.,prìncipi — принцы,it_context__principi_princes__plain.wav,5.92,4.89,0.826,
moss,it_context__principi_princes,it_context,it,accent,Il re e la regina hanno due figli: sono prìncipi.,prìncipi — принцы,it_context__principi_princes__accent.wav,5.6,4.65,0.83,
moss,it_context__principi_princes,it_context,it,ipa,il rˈɛ e la redʒˈina ˌanno dˈue fˈiʎɪ sˌono prˈintʃipɪ,prìncipi — принцы,it_context__principi_princes__ipa.wav,9.92,8.53,0.86,
moss,it_context__principi_princes,it_context,it,ipa_word,"['principi', 'prˈintʃipɪ']",prìncipi — принцы,it_context__principi_princes__ipa_word.wav,6.16,5.12,0.832,
moss,it_context__capitano_captain,it_context,it,plain,Il capitano parla con i marinai.,capitàno — капитан,it_context__capitano_captain__plain.wav,1.92,1.77,0.924,
moss,it_context__capitano_captain,it_context,it,accent,Il capitàno parla con i marinài.,capitàno — капитан,it_context__capitano_captain__accent.wav,2.16,1.98,0.917,
moss,it_context__capitano_captain,it_context,it,ipa,il kapitˈano pˈarla kon i marinˈaɪ,capitàno — капитан,it_context__capitano_captain__ipa.wav,3.76,3.21,0.855,
moss,it_context__capitano_captain,it_context,it,ipa_word,"['capitano', 'kapitˈano']",capitàno — капитан,it_context__capitano_captain__ipa_word.wav,3.04,2.67,0.879,
moss,it_context__capitano_happen,it_context,it,plain,Queste cose capitano spesso.,càpitano — случаются,it_context__capitano_happen__plain.wav,2.8,2.46,0.879,
moss,it_context__capitano_happen,it_context,it,accent,Queste cose càpitano spesso.,càpitano — случаются,it_context__capitano_happen__accent.wav,2.08,1.89,0.91,
moss,it_context__capitano_happen,it_context,it,ipa,kwˌeste kˈɔze kˈapitano spˈesso,càpitano — случаются,it_context__capitano_happen__ipa.wav,2.16,1.95,0.904,
moss,it_context__capitano_happen,it_context,it,ipa_word,"['capitano', 'kˈapitano']",càpitano — случаются,it_context__capitano_happen__ipa_word.wav,3.52,3.03,0.861,
moss,it_context__subito_soon,it_context,it,plain,Vieni subito qui!,sùbito — сразу,it_context__subito_soon__plain.wav,1.68,1.59,0.948,
moss,it_context__subito_soon,it_context,it,accent,Vieni sùbito qui!,sùbito — сразу,it_context__subito_soon__accent.wav,1.36,1.37,1.008,
moss,it_context__subito_soon,it_context,it,ipa,vjˈɛnɪ sˈubito kwˈi,sùbito — сразу,it_context__subito_soon__ipa.wav,2.88,2.52,0.875,
moss,it_context__subito_soon,it_context,it,ipa_word,"['subito', 'sˈubito']",sùbito — сразу,it_context__subito_soon__ipa_word.wav,1.44,1.36,0.947,
moss,it_context__subito_suffered,it_context,it,plain,Ha subito un furto ieri sera.,subìto — пострадал,it_context__subito_suffered__plain.wav,2.56,2.27,0.886,
moss,it_context__subito_suffered,it_context,it,accent,Ha subìto un furto ieri sera.,subìto — пострадал,it_context__subito_suffered__accent.wav,2.08,1.89,0.908,
moss,it_context__subito_suffered,it_context,it,ipa,a sʊbˈito ʊn fˈurto jˈɛrɪ sˈera,subìto — пострадал,it_context__subito_suffered__ipa.wav,4.16,3.55,0.852,
moss,it_context__subito_suffered,it_context,it,ipa_word,"['subito', 'sʊbˈito']",subìto — пострадал,it_context__subito_suffered__ipa_word.wav,2.88,2.51,0.872,
moss,it_a1__00,it_a1,it,plain,"Ciao, mi chiamo Paolo. Come ti chiami?",,it_a1__00__plain.wav,5.68,4.78,0.841,
moss,it_a1__00,it_a1,it,accent,"Ciào, mi chiàmo Pàolo. Come ti chiàmi?",,it_a1__00__accent.wav,3.76,3.2,0.852,
moss,it_a1__00,it_a1,it,ipa,tʃˈao mɪ kjˈamo pˈaolo kˌome tɪ kjˈamɪ,,it_a1__00__ipa.wav,6.16,5.18,0.841,
moss,it_a1__01,it_a1,it,plain,"Piacere! Sono russa, di Mosca.",,it_a1__01__plain.wav,3.2,2.82,0.88,
moss,it_a1__01,it_a1,it,accent,"Piacére! Sono russa, di Mosca.",,it_a1__01__accent.wav,3.44,2.95,0.858,
moss,it_a1__01,it_a1,it,ipa,pjatʃˈere sˌono rˈussa dɪ mˈoska,,it_a1__01__ipa.wav,4.08,3.48,0.852,
moss,it_a1__02,it_a1,it,plain,"Vorrei un caffè e un cornetto, per favore.",,it_a1__02__plain.wav,4.48,3.87,0.863,
moss,it_a1__02,it_a1,it,accent,"Vorrèi un caffè e un cornétto, per favóre.",,it_a1__02__accent.wav,3.36,2.96,0.88,
moss,it_a1__02,it_a1,it,ipa,vorɾˈɛj ʊn kaffˈɛ e ʊn kornˈetːo per favˈore,,it_a1__02__ipa.wav,5.68,4.86,0.855,
moss,it_a1__03,it_a1,it,plain,Quanto costa questo libro?,,it_a1__03__plain.wav,1.6,1.53,0.954,
moss,it_a1__03,it_a1,it,accent,Quanto còsta questo libro?,,it_a1__03__accent.wav,2.16,1.98,0.915,
moss,it_a1__03,it_a1,it,ipa,kwˈanto kˈɔsta kwˌesto lˈibro,,it_a1__03__ipa.wav,3.52,3.03,0.861,
moss,it_a1__04,it_a1,it,plain,Dov'è la stazione? È lontana da qui?,,it_a1__04__plain.wav,3.04,2.65,0.873,
moss,it_a1__04,it_a1,it,accent,Dov'è la stazióne? È lontàna da qui?,,it_a1__04__accent.wav,2.08,1.92,0.922,
moss,it_a1__04,it_a1,it,ipa,dovˈɛ la statsjˈone e lontˈana da kwˈi,,it_a1__04__ipa.wav,5.52,4.63,0.84,
moss,it_a1__05,it_a1,it,plain,C'è una farmacia vicino all'albergo?,,it_a1__05__plain.wav,3.6,3.16,0.878,
moss,it_a1__05,it_a1,it,accent,C'è una farmacìa vicino all'albèrgo?,,it_a1__05__accent.wav,2.56,2.28,0.891,
moss,it_a1__05,it_a1,it,ipa,tʃe ˌʊna farmatʃˈia vitʃˈino allalbˈɛrɡo,,it_a1__05__ipa.wav,68.8,61.56,0.895,
moss,it_a1__06,it_a1,it,plain,Ho ventitré anni e abito a Mosca.,,it_a1__06__plain.wav,3.04,2.69,0.886,
moss,it_a1__06,it_a1,it,accent,Ho ventitré anni e àbito a Mosca.,,it_a1__06__accent.wav,2.8,2.48,0.887,
moss,it_a1__06,it_a1,it,ipa,o ventitrˈe ˈannɪ e ˈabito a mˈoska,,it_a1__06__ipa.wav,4.96,4.24,0.855,
moss,it_a1__07,it_a1,it,plain,Ieri ho mangiato la pizza con i miei amici.,,it_a1__07__plain.wav,3.68,3.17,0.861,
moss,it_a1__07,it_a1,it,accent,Ièri ho mangiàto la pizza con i miei amìci.,,it_a1__07__accent.wav,4.16,3.56,0.855,
moss,it_a1__07,it_a1,it,ipa,jˈɛrɪ o mandʒˈato la pˈitsːa kon i mjˌɛi amˈitʃɪ,,it_a1__07__ipa.wav,8.88,7.77,0.875,
moss,it_a1__08,it_a1,it,plain,"Scusi, a che ora parte il treno per Firenze?",,it_a1__08__plain.wav,3.36,2.98,0.886,
moss,it_a1__08,it_a1,it,accent,"Scusi, a che óra parte il treno per Firènze?",,it_a1__08__accent.wav,2.8,2.47,0.884,
moss,it_a1__08,it_a1,it,ipa,skˈuzɪ a ke ˈora pˈarte il trˈɛno per firˈɛntse,,it_a1__08__ipa.wav,6.64,5.66,0.852,
moss,it_a1__09,it_a1,it,plain,"Domani andiamo al mare, se non piove.",,it_a1__09__plain.wav,3.6,3.1,0.862,
moss,it_a1__09,it_a1,it,accent,"Domàni andiàmo al mare, se non piòve.",,it_a1__09__accent.wav,2.4,2.2,0.918,
moss,it_a1__09,it_a1,it,ipa,domˈanɪ andjˈamo al mˈare se non pjˈɔve,,it_a1__09__ipa.wav,6.4,5.44,0.85,
moss,ru__zamok_castle,ru,ru,plain,Это старый замок.,за́мок — крепость,ru__zamok_castle__plain.wav,1.04,1.24,1.196,
moss,ru__zamok_castle,ru,ru,accent,Это старый за́мок.,за́мок — крепость,ru__zamok_castle__accent.wav,1.44,1.41,0.981,
moss,ru__zamok_castle,ru,ru,ipa_word,"['замок', 'ˈzamək']",за́мок — крепость,ru__zamok_castle__ipa_word.wav,1.04,1.06,1.018,
moss,ru__zamok_lock,ru,ru,plain,Это старый замок.,замо́к — на двери,ru__zamok_lock__plain.wav,1.2,1.35,1.128,
moss,ru__zamok_lock,ru,ru,accent,Это старый замо́к.,замо́к — на двери,ru__zamok_lock__accent.wav,1.28,1.34,1.045,
moss,ru__zamok_lock,ru,ru,ipa_word,"['замок', 'zɐˈmok']",замо́к — на двери,ru__zamok_lock__ipa_word.wav,1.12,1.34,1.194,
moss,ru__plachu_cry,ru,ru,plain,"Я плачу, когда слушаю эту песню.",пла́чу — от слёз,ru__plachu_cry__plain.wav,2.4,2.16,0.902,
moss,ru__plachu_cry,ru,ru,accent,"Я пла́чу, когда слушаю эту песню.",пла́чу — от слёз,ru__plachu_cry__accent.wav,2.48,2.25,0.909,
moss,ru__plachu_cry,ru,ru,ipa_word,"['плачу', 'ˈplat͡ɕʊ']",пла́чу — от слёз,ru__plachu_cry__ipa_word.wav,2.16,1.97,0.911,
moss,ru__plachu_pay,ru,ru,plain,Я плачу за кофе.,плачу́ — деньги,ru__plachu_pay__plain.wav,1.28,1.25,0.974,
moss,ru__plachu_pay,ru,ru,accent,Я плачу́ за кофе.,плачу́ — деньги,ru__plachu_pay__accent.wav,1.36,1.31,0.96,
moss,ru__plachu_pay,ru,ru,ipa_word,"['плачу', 'plɐˈt͡ɕu']",плачу́ — деньги,ru__plachu_pay__ipa_word.wav,1.28,1.23,0.964,
moss,ru__muka_pain,ru,ru,plain,Это была настоящая мука.,му́ка — страдание,ru__muka_pain__plain.wav,1.44,1.43,0.993,
moss,ru__muka_pain,ru,ru,accent,Это была настоящая му́ка.,му́ка — страдание,ru__muka_pain__accent.wav,1.6,1.51,0.943,
moss,ru__muka_pain,ru,ru,ipa_word,"['мука', 'ˈmukə']",му́ка — страдание,ru__muka_pain__ipa_word.wav,2.32,2.15,0.929,
moss,ru__muka_flour,ru,ru,plain,Купи муку для пиццы.,муку́ — для теста,ru__muka_flour__plain.wav,1.68,1.59,0.947,
moss,ru__muka_flour,ru,ru,accent,Купи муку́ для пиццы.,муку́ — для теста,ru__muka_flour__accent.wav,2.08,1.9,0.912,
moss,ru__muka_flour,ru,ru,ipa_word,"['муку', 'mʊˈku']",муку́ — для теста,ru__muka_flour__ipa_word.wav,2.32,2.07,0.892,
moss,ru__phrase,ru,ru,plain,Сегодня мы говорим о прошедшем времени. Это совсем не сложно.,,ru__phrase__plain.wav,3.76,3.26,0.866,
