model,id,section,lang,variant,text,expected,wav,audio_s,gen_s,rtf,error,asr,cer
qwen3,it_context__ancora_ancora,it_context,it,plain,Vorrei ancora un caffè.,ancóra — ещё,it_context__ancora_ancora__plain.wav,1.44,3.95,2.744,,Vorrei ancora un caffè,0.0
qwen3,it_context__ancora_ancora,it_context,it,accent,Vorrei ancóra un caffè.,ancóra — ещё,it_context__ancora_ancora__accent.wav,4.48,10.11,2.257,,Vorrei ancora un caffè.,0.0
qwen3,it_context__ancora_ancora2,it_context,it,plain,La nave getta l'ancora in porto.,àncora — якорь,it_context__ancora_ancora2__plain.wav,8.24,18.35,2.227,,"La nave gettala ancora in porto. Favamo se da sempre ci deu, ora... sa... ci... ci...",1.387
qwen3,it_context__ancora_ancora2,it_context,it,accent,La nave getta l'àncora in porto.,àncora — якорь,it_context__ancora_ancora2__accent.wav,2.88,6.41,2.224,,La nave getta l'ancora in porto.,0.0
qwen3,it_context__principi_principles,it_context,it,plain,I principi della fisica sono semplici.,princìpi — принципы,it_context__principi_principles__plain.wav,2.64,5.96,2.256,,I principi della fisica sono semplici.,0.0
qwen3,it_context__principi_principles,it_context,it,accent,I princìpi della fìsica sono sèmplici.,princìpi — принципы,it_context__principi_principles__accent.wav,2.8,6.26,2.234,,I principi della fisica sono semplici.,0.0
qwen3,it_context__principi_princes,it_context,it,plain,Il re e la regina hanno due figli: sono principi.,prìncipi — принцы,it_context__principi_princes__plain.wav,6.16,13.69,2.223,,Il re e la regina hanno due figli. Sono principi.,0.0
qwen3,it_context__principi_princes,it_context,it,accent,Il re e la regina hanno due figli: sono prìncipi.,prìncipi — принцы,it_context__principi_princes__accent.wav,4.0,8.9,2.226,,Il re e la regina hanno due figli. Sono principe.,0.021
qwen3,it_context__capitano_captain,it_context,it,plain,Il capitano parla con i marinai.,capitàno — капитан,it_context__capitano_captain__plain.wav,21.68,48.03,2.216,,Il capitano parla con i marinai. Il capitano parla con i marinai. Il capitano parla con i marinai. Il capitano parla con i marinai. Il capitano parla con i marinai. Il capitano parla con i marinai. Il capitano parla con i marinai. Il capitano parla con i marinai. Il capitano parla con i marinai. Il capitano parla con i marinai. Il capitano parla con i marinai. Il capitano parla con i marinai. Il capitano parla con i marinai. Il capitano parla con i marinai. Il capitano parla con i marinai. Il capitano parla con i marinai. Il capitano parla con i marinai. Il capitano parla con i marinai. Il capitano parla con i marinai. Il capitano parla con i marinai. Il capitano parla con i marinai. Il capitano parla con i marinai. Il capitano parla con i marinai. Il capitano parla con i marinai. Il capitano parla con i marinai. Il capitano parla con i marinai. Il capitano parla con i marinai. Il capitano parla con i marinai. Il capitano parla con i marinai. Il capitano parla con i marinai. Il capitano parla con i marinai. Il capitano parla con i marinai. Il capitano parla con i marinai. Il capitano parla con i marinai. Il capitano parla con i marinai. Il capitano parla con i marinai. Il capitano parla con i marinai. Il capitano parla con i marinai. Il capitano parla con i marinai. Il capitano parla con i marinai. Il capitano parla con i marinai. Il capitano parla con i marinai. Il capitano parla con i marinai. Il capitano parla con i marinai. Il capitano par,44.903
qwen3,it_context__capitano_captain,it_context,it,accent,Il capitàno parla con i marinài.,capitàno — капитан,it_context__capitano_captain__accent.wav,2.64,5.91,2.238,,Il capitano parla con i marinai.,0.0
qwen3,it_context__capitano_happen,it_context,it,plain,Queste cose capitano spesso.,càpitano — случаются,it_context__capitano_happen__plain.wav,2.48,5.79,2.335,,Queste cose capitano spesso.,0.0
qwen3,it_context__capitano_happen,it_context,it,accent,Queste cose càpitano spesso.,càpitano — случаются,it_context__capitano_happen__accent.wav,2.16,4.81,2.225,,Queste cose capitano spesso.,0.0
qwen3,it_context__subito_soon,it_context,it,plain,Vieni subito qui!,sùbito — сразу,it_context__subito_soon__plain.wav,2.0,4.64,2.321,,Vieni subito qui.,0.0
qwen3,it_context__subito_soon,it_context,it,accent,Vieni sùbito qui!,sùbito — сразу,it_context__subito_soon__accent.wav,1.68,3.76,2.236,,Vieni subito qui!,0.0
qwen3,it_context__subito_suffered,it_context,it,plain,Ha subito un furto ieri sera.,subìto — пострадал,it_context__subito_suffered__plain.wav,2.48,5.58,2.249,,Ha subito un furto ieri sera.,0.0
qwen3,it_context__subito_suffered,it_context,it,accent,Ha subìto un furto ieri sera.,subìto — пострадал,it_context__subito_suffered__accent.wav,1.68,3.81,2.266,,Ha subito un furto ieri sera.,0.0
qwen3,it_solo__ancora_якорь,it_solo,it,plain,Dico ancora adesso.,àncora,it_solo__ancora_якорь__plain.wav,1.44,3.27,2.269,,Dico ancora adesso.,0.0
qwen3,it_solo__ancora_якорь,it_solo,it,accent,Dico àncora adesso.,àncora,it_solo__ancora_якорь__accent.wav,1.6,3.65,2.282,,Dico ancora adesso.,0.0
qwen3,it_solo__ancora_ещё,it_solo,it,plain,Dico ancora adesso.,ancóra,it_solo__ancora_ещё__plain.wav,1.6,3.58,2.237,,Dico ancora adesso.,0.0
qwen3,it_solo__ancora_ещё,it_solo,it,accent,Dico ancóra adesso.,ancóra,it_solo__ancora_ещё__accent.wav,1.6,3.6,2.251,,Dico ancora adesso?,0.0
qwen3,it_solo__principi_принцы,it_solo,it,plain,Dico principi adesso.,prìncipi,it_solo__principi_принцы__plain.wav,1.68,3.83,2.282,,dico principi adesso,0.0
qwen3,it_solo__principi_принцы,it_solo,it,accent,Dico prìncipi adesso.,prìncipi,it_solo__principi_принцы__accent.wav,2.08,4.65,2.237,,"Dico principi, adesso!",0.0
qwen3,it_solo__principi_принципы,it_solo,it,plain,Dico principi adesso.,princìpi,it_solo__principi_принципы__plain.wav,2.4,5.52,2.298,,dico principi adesso,0.0
qwen3,it_solo__principi_принципы,it_solo,it,accent,Dico princìpi adesso.,princìpi,it_solo__principi_принципы__accent.wav,2.48,5.54,2.233,,Dico principi adesso.,0.0
qwen3,it_solo__capitano_случаются,it_solo,it,plain,Dico capitano adesso.,càpitano,it_solo__capitano_случаются__plain.wav,2.0,4.46,2.229,,Dico capitano adesso...,0.0
qwen3,it_solo__capitano_случаются,it_solo,it,accent,Dico càpitano adesso.,càpitano,it_solo__capitano_случаются__accent.wav,1.52,3.41,2.242,,Dico capitano adesso.,0.0
qwen3,it_solo__capitano_капитан,it_solo,it,plain,Dico capitano adesso.,capitàno,it_solo__capitano_капитан__plain.wav,1.28,2.91,2.271,,Dico capitano adesso.,0.0
qwen3,it_solo__capitano_капитан,it_solo,it,accent,Dico capitàno adesso.,capitàno,it_solo__capitano_капитан__accent.wav,2.64,5.83,2.208,,dico capitano adesso,0.0
qwen3,it_solo__subito_сразу,it_solo,it,plain,Dico subito adesso.,sùbito,it_solo__subito_сразу__plain.wav,1.84,4.04,2.195,,Dico subito adesso.,0.0
qwen3,it_solo__subito_сразу,it_solo,it,accent,Dico sùbito adesso.,sùbito,it_solo__subito_сразу__accent.wav,1.6,3.56,2.227,,Dico subito adesso.,0.0
qwen3,it_solo__subito_пострадал,it_solo,it,plain,Dico subito adesso.,subìto,it_solo__subito_пострадал__plain.wav,1.52,3.41,2.24,,Dico subito adesso.,0.0
qwen3,it_solo__subito_пострадал,it_solo,it,accent,Dico subìto adesso.,subìto,it_solo__subito_пострадал__accent.wav,2.0,4.51,2.255,,Dico subito adesso.,0.0
qwen3,it_solo__indice_указатель,it_solo,it,plain,Dico indice adesso.,ìndice,it_solo__indice_указатель__plain.wav,2.0,4.44,2.222,,Dico indice adesso.,0.0
qwen3,it_solo__indice_указатель,it_solo,it,accent,Dico ìndice adesso.,ìndice,it_solo__indice_указатель__accent.wav,2.24,5.04,2.248,,"Dico, onde c'è adesso?",0.222
qwen3,it_solo__arbitro_судья,it_solo,it,plain,Dico arbitro adesso.,àrbitro,it_solo__arbitro_судья__plain.wav,1.44,3.26,2.264,,Dico arbitro adesso.,0.0
qwen3,it_solo__arbitro_судья,it_solo,it,accent,Dico àrbitro adesso.,àrbitro,it_solo__arbitro_судья__accent.wav,1.52,3.42,2.249,,Dico arbitro adesso.,0.0
qwen3,it_stress__telefonano,it_stress,it,plain,Dico telefonano adesso.,telèfonano,it_stress__telefonano__plain.wav,1.68,3.79,2.256,,"Dico, telefonano adesso.",0.0
qwen3,it_stress__telefonano,it_stress,it,accent,Dico telèfonano adesso.,telèfonano,it_stress__telefonano__accent.wav,1.68,3.8,2.26,,Dico telefonano adesso.,0.0
qwen3,it_stress__desiderano,it_stress,it,plain,Dico desiderano adesso.,desìderano,it_stress__desiderano__plain.wav,3.36,7.53,2.242,,Dico desiderano adesso.,0.0
qwen3,it_stress__desiderano,it_stress,it,accent,Dico desìderano adesso.,desìderano,it_stress__desiderano__accent.wav,2.16,4.82,2.23,,Dico desiderano adesso.,0.0
qwen3,it_stress__capiscono,it_stress,it,plain,Dico capiscono adesso.,capìscono,it_stress__capiscono__plain.wav,2.16,4.88,2.259,,dico capiscono adesso,0.0
qwen3,it_stress__capiscono,it_stress,it,accent,Dico capìscono adesso.,capìscono,it_stress__capiscono__accent.wav,2.16,4.79,2.219,,Capiscono adesso.,0.238
qwen3,it_stress__scrivono,it_stress,it,plain,Dico scrivono adesso.,scrìvono,it_stress__scrivono__plain.wav,1.6,3.59,2.246,,Dico scrivono adesso.,0.0
qwen3,it_stress__scrivono,it_stress,it,accent,Dico scrìvono adesso.,scrìvono,it_stress__scrivono__accent.wav,1.6,3.63,2.267,,Dico scrivono adesso.,0.0
qwen3,it_stress__farmacia,it_stress,it,plain,Dico farmacia adesso.,farmacìa,it_stress__farmacia__plain.wav,2.24,4.99,2.23,,Dico farmacia adesso.,0.0
qwen3,it_stress__farmacia,it_stress,it,accent,Dico farmacìa adesso.,farmacìa,it_stress__farmacia__accent.wav,5.44,12.12,2.228,,Dico farmacia adesso.,0.0
qwen3,it_stress__psicologia,it_stress,it,plain,Dico psicologia adesso.,psicologìa,it_stress__psicologia__plain.wav,3.36,7.45,2.216,,Dico psicologia adesso.,0.0
qwen3,it_stress__psicologia,it_stress,it,accent,Dico psicologìa adesso.,psicologìa,it_stress__psicologia__accent.wav,4.96,10.99,2.217,,Dico psicologia adesso.,0.0
qwen3,it_stress__brindisi,it_stress,it,plain,Dico Brindisi adesso.,Brìndisi,it_stress__brindisi__plain.wav,1.76,3.95,2.243,,"Dico brindisi, adesso.",0.0
qwen3,it_stress__brindisi,it_stress,it,accent,Dico Brìndisi adesso.,Brìndisi,it_stress__brindisi__accent.wav,2.0,4.55,2.273,,Dico brindisi adesso!,0.0
qwen3,it_stress__zucchero,it_stress,it,plain,Dico zucchero adesso.,zùcchero,it_stress__zucchero__plain.wav,1.52,3.54,2.329,,Dico zucchero adesso.,0.0
qwen3,it_stress__zucchero,it_stress,it,accent,Dico zùcchero adesso.,zùcchero,it_stress__zucchero__accent.wav,1.68,3.74,2.226,,Dico zucchero adesso.,0.0
qwen3,it_stress__tavolo,it_stress,it,plain,Dico tavolo adesso.,tàvolo,it_stress__tavolo__plain.wav,1.36,3.08,2.266,,Dico tavolo adesso,0.0
qwen3,it_stress__tavolo,it_stress,it,accent,Dico tàvolo adesso.,tàvolo,it_stress__tavolo__accent.wav,1.68,3.81,2.269,,Dico tavolo adesso!,0.0
qwen3,it_stress__piroscafo,it_stress,it,plain,Dico piroscafo adesso.,piròscafo,it_stress__piroscafo__plain.wav,1.52,3.43,2.257,,Dico pirascafo adesso!,0.048
qwen3,it_stress__piroscafo,it_stress,it,accent,Dico piròscafo adesso.,piròscafo,it_stress__piroscafo__accent.wav,2.48,5.56,2.244,,Dico piroscafo adesso.,0.0
qwen3,it_stress__leggere,it_stress,it,plain,Dico leggere adesso.,leggère,it_stress__leggere__plain.wav,2.48,5.54,2.233,,Dico leggere adesso?,0.0
qwen3,it_stress__leggere,it_stress,it,accent,Dico leggère adesso.,leggère,it_stress__leggere__accent.wav,1.76,3.99,2.266,,Dico la GER adesso.,0.158
qwen3,it_stress__leggere_2,it_stress,it,plain,Dico leggere adesso.,lèggere,it_stress__leggere_2__plain.wav,4.08,9.1,2.231,,dico leggere adesso,0.0
qwen3,it_stress__leggere_2,it_stress,it,accent,Dico lèggere adesso.,lèggere,it_stress__leggere_2__accent.wav,1.12,2.62,2.34,,Dico leggere adesso.,0.0
qwen3,it_gem__caro_carro__caro,it_gem,it,plain,Dico caro adesso.,single,it_gem__caro_carro__caro__plain.wav,1.52,3.41,2.247,,Dico caro adesso.,0.0
qwen3,it_gem__caro_carro__caro,it_gem,it,accent,Dico caro adesso.,single,it_gem__caro_carro__caro__accent.wav,1.52,3.39,2.229,,Dico caro adesso.,0.0
qwen3,it_gem__caro_carro__carro,it_gem,it,plain,Dico carro adesso.,double,it_gem__caro_carro__carro__plain.wav,2.0,4.45,2.224,,Dico carro adesso.,0.0
qwen3,it_gem__caro_carro__carro,it_gem,it,accent,Dico carro adesso.,double,it_gem__caro_carro__carro__accent.wav,1.36,3.03,2.228,,Dico carro adesso.,0.0
qwen3,it_gem__pala_palla__pala,it_gem,it,plain,Dico pala adesso.,single,it_gem__pala_palla__pala__plain.wav,1.28,2.87,2.241,,Dico pala adesso.,0.0
qwen3,it_gem__pala_palla__pala,it_gem,it,accent,Dico pala adesso.,single,it_gem__pala_palla__pala__accent.wav,3.28,7.37,2.247,,dico pala adesso,0.0
qwen3,it_gem__pala_palla__palla,it_gem,it,plain,Dico palla adesso.,double,it_gem__pala_palla__palla__plain.wav,1.28,2.91,2.271,,Dico palla adesso.,0.0
qwen3,it_gem__pala_palla__palla,it_gem,it,accent,Dico palla adesso.,double,it_gem__pala_palla__palla__accent.wav,1.12,2.61,2.331,,di Coppala adesso.,0.176
qwen3,it_gem__sete_sette__sete,it_gem,it,plain,Dico sete adesso.,single,it_gem__sete_sette__sete__plain.wav,1.6,3.6,2.249,,Dico sete adesso.,0.0
qwen3,it_gem__sete_sette__sete,it_gem,it,accent,Dico séte adesso.,single,it_gem__sete_sette__sete__accent.wav,1.36,3.09,2.27,,Dico sete adesso!,0.0
qwen3,it_gem__sete_sette__sette,it_gem,it,plain,Dico sette adesso.,double,it_gem__sete_sette__sette__plain.wav,3.44,7.68,2.232,,Dico sette adesso.,0.0
qwen3,it_gem__sete_sette__sette,it_gem,it,accent,Dico sètte adesso.,double,it_gem__sete_sette__sette__accent.wav,1.76,3.96,2.251,,dico 7 adesso,0.294
qwen3,it_gem__capello_cappello__capello,it_gem,it,plain,Dico capello adesso.,single,it_gem__capello_cappello__capello__plain.wav,1.44,3.2,2.221,,di cui capello adesso,0.158
qwen3,it_gem__capello_cappello__capello,it_gem,it,accent,Dico capéllo adesso.,single,it_gem__capello_cappello__capello__accent.wav,3.44,7.63,2.217,,Dico cappello adesso.,0.053
qwen3,it_gem__capello_cappello__cappello,it_gem,it,plain,Dico cappello adesso.,double,it_gem__capello_cappello__cappello__plain.wav,1.84,4.14,2.249,,Dico cappello adesso.,0.0
qwen3,it_gem__capello_cappello__cappello,it_gem,it,accent,Dico cappèllo adesso.,double,it_gem__capello_cappello__cappello__accent.wav,1.52,3.42,2.247,,Dico cappello adesso!,0.0
qwen3,it_gem__fato_fatto__fato,it_gem,it,plain,Dico fato adesso.,single,it_gem__fato_fatto__fato__plain.wav,1.92,4.35,2.264,,Dico fatto adesso.,0.062
qwen3,it_gem__fato_fatto__fato,it_gem,it,accent,Dico fàto adesso.,single,it_gem__fato_fatto__fato__accent.wav,1.52,3.41,2.243,,Dico fatto adesso.,0.062
qwen3,it_gem__fato_fatto__fatto,it_gem,it,plain,Dico fatto adesso.,double,it_gem__fato_fatto__fatto__plain.wav,2.96,6.64,2.242,,dico fatto adesso,0.0
qwen3,it_gem__fato_fatto__fatto,it_gem,it,accent,Dico fàtto adesso.,double,it_gem__fato_fatto__fatto__accent.wav,1.36,3.09,2.271,,Dico fatto adesso.,0.0
qwen3,it_gem__papa_pappa__papa,it_gem,it,plain,Dico papa adesso.,single,it_gem__papa_pappa__papa__plain.wav,1.6,3.64,2.273,,Dico Papa adesso!,0.0
qwen3,it_gem__papa_pappa__papa,it_gem,it,accent,Dico pàpa adesso.,single,it_gem__papa_pappa__papa__accent.wav,1.52,3.46,2.277,,Dico papa adesso.,0.0
qwen3,it_gem__papa_pappa__pappa,it_gem,it,plain,Dico pappa adesso.,double,it_gem__papa_pappa__pappa__plain.wav,1.6,3.58,2.24,,Dico pappa adesso.,0.0
qwen3,it_gem__papa_pappa__pappa,it_gem,it,accent,Dico pàppa adesso.,double,it_gem__papa_pappa__pappa__accent.wav,2.64,5.87,2.224,,"Dico, papà adesso.",0.059
qwen3,it_gem__nono_nonno__nono,it_gem,it,plain,Dico nono adesso.,single,it_gem__nono_nonno__nono__plain.wav,4.16,9.15,2.198,,Dico non adesso...,0.062
qwen3,it_gem__nono_nonno__nono,it_gem,it,accent,Dico nòno adesso.,single,it_gem__nono_nonno__nono__accent.wav,2.4,5.34,2.223,,Dico nono adesso.,0.0
qwen3,it_gem__nono_nonno__nonno,it_gem,it,plain,Dico nonno adesso.,double,it_gem__nono_nonno__nonno__plain.wav,1.92,4.36,2.27,,Dico nonno adesso.,0.0
qwen3,it_gem__nono_nonno__nonno,it_gem,it,accent,Dico nònno adesso.,double,it_gem__nono_nonno__nonno__accent.wav,1.68,3.77,2.243,,"Dico nonno, adesso",0.0
qwen3,it_a1__00,it_a1,it,plain,"Ciao, mi chiamo Paolo. Come ti chiami?",,it_a1__00__plain.wav,3.6,8.12,2.255,,"Ah, ciao! Mi chiamo Paolo. Come ti chiami?",0.086
qwen3,it_a1__00,it_a1,it,accent,"Ciào, mi chiàmo Pàolo. Come ti chiàmi?",,it_a1__00__accent.wav,2.96,6.64,2.242,,"Ciao, mi chiamo Paolo. Come ti chiami?",0.0
qwen3,it_a1__01,it_a1,it,plain,"Piacere! Sono russa, di Mosca.",,it_a1__01__plain.wav,2.64,5.91,2.237,,Piacere! Sono russa! Di Mosca!,0.0
qwen3,it_a1__01,it_a1,it,accent,"Piacére! Sono russa, di Mosca.",,it_a1__01__accent.wav,3.12,7.02,2.25,,Piacere! Sono russa di Mosca!,0.0
qwen3,it_a1__02,it_a1,it,plain,"Vorrei un caffè e un cornetto, per favore.",,it_a1__02__plain.wav,3.12,6.95,2.229,,"Vorrei un caffè e un cornetto, per favore.",0.0
qwen3,it_a1__02,it_a1,it,accent,"Vorrèi un caffè e un cornétto, per favóre.",,it_a1__02__accent.wav,2.8,6.27,2.239,,"Vorrei un caffè, un cornetto. Per favore.",0.05
qwen3,it_a1__03,it_a1,it,plain,Quanto costa questo libro?,,it_a1__03__plain.wav,2.08,4.67,2.248,,Quanto costa questo libro?,0.0
qwen3,it_a1__03,it_a1,it,accent,Quanto còsta questo libro?,,it_a1__03__accent.wav,1.68,3.81,2.271,,Quanto costa questo libro?,0.0
qwen3,it_a1__04,it_a1,it,plain,Dov'è la stazione? È lontana da qui?,,it_a1__04__plain.wav,2.24,5.03,2.246,,Dov'è la stazione? È lontana da qui?,0.0
qwen3,it_a1__04,it_a1,it,accent,Dov'è la stazióne? È lontàna da qui?,,it_a1__04__accent.wav,2.64,5.9,2.236,,Dov'è la stazione? È lontana da qui.,0.0
qwen3,it_a1__05,it_a1,it,plain,C'è una farmacia vicino all'albergo?,,it_a1__05__plain.wav,2.24,5.05,2.256,,C'è una farmacia vicino all'albergo.,0.0
qwen3,it_a1__05,it_a1,it,accent,C'è una farmacìa vicino all'albèrgo?,,it_a1__05__accent.wav,2.0,4.48,2.24,,C'è una farmacia vicino all'albergo.,0.0
qwen3,it_a1__06,it_a1,it,plain,Ho ventitré anni e abito a Mosca.,,it_a1__06__plain.wav,3.44,7.72,2.245,,Ho 23 anni e abito s' Mosca.,0.312
qwen3,it_a1__06,it_a1,it,accent,Ho ventitré anni e àbito a Mosca.,,it_a1__06__accent.wav,5.12,11.39,2.225,,Ho 23 anni e abitua a Mosca.,0.312
qwen3,it_a1__07,it_a1,it,plain,Ieri ho mangiato la pizza con i miei amici.,,it_a1__07__plain.wav,3.6,8.07,2.242,,E ieri ho mangiato la pizza con i miei amici.,0.048
qwen3,it_a1__07,it_a1,it,accent,Ièri ho mangiàto la pizza con i miei amìci.,,it_a1__07__accent.wav,2.48,5.52,2.224,,Ieri ho mangiato la pizza con i miei amici.,0.0
qwen3,it_a1__08,it_a1,it,plain,"Scusi, a che ora parte il treno per Firenze?",,it_a1__08__plain.wav,5.76,12.96,2.25,,"Scusi, a che ora parte il treno per Firenze?",0.0
qwen3,it_a1__08,it_a1,it,accent,"Scusi, a che óra parte il treno per Firènze?",,it_a1__08__accent.wav,2.8,6.25,2.232,,"Scusi, a che ora parte il treno per Firenze?",0.0
qwen3,it_a1__09,it_a1,it,plain,"Domani andiamo al mare, se non piove.",,it_a1__09__plain.wav,4.48,10.03,2.24,,"Domani andiamo al mare, se non piove.",0.0
qwen3,it_a1__09,it_a1,it,accent,"Domàni andiàmo al mare, se non piòve.",,it_a1__09__accent.wav,3.6,8.0,2.222,,Domani andiamo al mare se non piove!,0.0
qwen3,ru__zamok_castle,ru,ru,plain,Это старый замок.,за́мок — крепость,ru__zamok_castle__plain.wav,9.36,20.73,2.215,,Это... Старый замок.,0.0
qwen3,ru__zamok_castle,ru,ru,accent,Это старый за́мок.,за́мок — крепость,ru__zamok_castle__accent.wav,2.8,6.28,2.242,,Это старый займок.,0.062
qwen3,ru__zamok_lock,ru,ru,plain,Это старый замок.,замо́к — на двери,ru__zamok_lock__plain.wav,5.6,12.5,2.231,,"Это старый замок, а?",0.125
qwen3,ru__zamok_lock,ru,ru,accent,Это старый замо́к.,замо́к — на двери,ru__zamok_lock__accent.wav,4.24,9.52,2.244,,Это старый Замайок.,0.125
qwen3,ru__plachu_cry,ru,ru,plain,"Я плачу, когда слушаю эту песню.",пла́чу — от слёз,ru__plachu_cry__plain.wav,4.56,10.26,2.249,,"Я плачу, когда слушаю эту песню.",0.0
qwen3,ru__plachu_cry,ru,ru,accent,"Я пла́чу, когда слушаю эту песню.",пла́чу — от слёз,ru__plachu_cry__accent.wav,3.28,7.32,2.231,,"Я плачу, когда слушаю эту песню.",0.0
qwen3,ru__plachu_pay,ru,ru,plain,Я плачу за кофе.,плачу́ — деньги,ru__plachu_pay__plain.wav,2.88,6.41,2.226,,Я плачу за кофе.,0.0
qwen3,ru__plachu_pay,ru,ru,accent,Я плачу́ за кофе.,плачу́ — деньги,ru__plachu_pay__accent.wav,3.76,8.78,2.334,,— Я плачу за кофе.,0.0
qwen3,ru__muka_pain,ru,ru,plain,Это была настоящая мука.,му́ка — страдание,ru__muka_pain__plain.wav,3.12,6.95,2.227,,Это была настоящая мука.,0.0
qwen3,ru__muka_pain,ru,ru,accent,Это была настоящая му́ка.,му́ка — страдание,ru__muka_pain__accent.wav,4.4,9.71,2.208,,Это была настоящая муюка.,0.043
qwen3,ru__muka_flour,ru,ru,plain,Купи муку для пиццы.,муку́ — для теста,ru__muka_flour__plain.wav,2.56,5.62,2.197,,Купи муку для пиццы.,0.0
qwen3,ru__muka_flour,ru,ru,accent,Купи муку́ для пиццы.,муку́ — для теста,ru__muka_flour__accent.wav,3.68,8.19,2.225,,Купи муку для пиццы.,0.0
qwen3,ru__phrase,ru,ru,plain,Сегодня мы говорим о прошедшем времени. Это совсем не сложно.,,ru__phrase__plain.wav,6.16,13.94,2.264,,Сегодня мы говорим о прошедшем времени. Это совсем не сложно.,0.0
