model,id,section,lang,variant,cer,word,predicted,expected,correct,ratio,note
kokoro,it_context__ancora_ancora,it_context,it,plain,0.0,ancora,0,0,1,5.43,
kokoro,it_context__ancora_ancora,it_context,it,accent,0.0,ancora,0,0,1,5.65,
kokoro,it_context__ancora_ancora,it_context,it,ipa,0.0,ancora,0,0,1,4.79,
kokoro,it_context__ancora_ancora2,it_context,it,plain,0.0,ancora,,,,,не выровнялось
kokoro,it_context__ancora_ancora2,it_context,it,accent,0.0,ancora,,,,,не выровнялось
kokoro,it_context__ancora_ancora2,it_context,it,ipa,0.0,ancora,,,,,не выровнялось
kokoro,it_context__principi_principles,it_context,it,plain,0.054,principi,1,0,0,-2.37,
kokoro,it_context__principi_principles,it_context,it,accent,0.0,principi,0,0,1,1.24,
kokoro,it_context__principi_principles,it_context,it,ipa,0.0,principi,0,0,1,1.62,
kokoro,it_context__principi_princes,it_context,it,plain,0.0,principi,0,0,1,2.97,
kokoro,it_context__principi_princes,it_context,it,accent,0.0,principi,0,0,1,3.04,
kokoro,it_context__principi_princes,it_context,it,ipa,0.0,principi,0,0,1,1.43,
kokoro,it_context__capitano_captain,it_context,it,plain,0.0,capitano,0,0,1,0.72,
kokoro,it_context__capitano_captain,it_context,it,accent,0.0,capitano,0,0,1,0.42,
kokoro,it_context__capitano_captain,it_context,it,ipa,0.0,capitano,1,0,0,-0.08,
kokoro,it_context__capitano_happen,it_context,it,plain,0.0,capitano,1,0,0,-4.71,
kokoro,it_context__capitano_happen,it_context,it,accent,0.0,capitano,0,0,1,2.14,
kokoro,it_context__capitano_happen,it_context,it,ipa,0.0,capitano,0,0,1,1.74,
kokoro,it_context__subito_soon,it_context,it,plain,0.0,subito,0,0,1,3.02,
kokoro,it_context__subito_soon,it_context,it,accent,0.0,subito,0,0,1,3.05,
kokoro,it_context__subito_soon,it_context,it,ipa,0.0,subito,0,0,1,4.27,
kokoro,it_context__subito_suffered,it_context,it,plain,0.0,subito,0,0,1,3.64,
kokoro,it_context__subito_suffered,it_context,it,accent,0.0,subito,0,0,1,4.54,
kokoro,it_context__subito_suffered,it_context,it,ipa,0.0,subito,0,0,1,4.23,
kokoro,it_solo__ancora_якорь,it_solo,it,plain,0.0,ancora,1,0,0,-3.47,
kokoro,it_solo__ancora_якорь,it_solo,it,accent,0.0,ancora,0,0,1,0.16,
kokoro,it_solo__ancora_якорь,it_solo,it,ipa,0.0,ancora,0,0,1,0.31,
kokoro,it_solo__ancora_ещё,it_solo,it,plain,0.0,ancora,0,0,1,3.55,
kokoro,it_solo__ancora_ещё,it_solo,it,accent,0.0,ancora,0,0,1,3.6,
kokoro,it_solo__ancora_ещё,it_solo,it,ipa,0.0,ancora,0,0,1,5.69,
kokoro,it_solo__principi_принцы,it_solo,it,plain,0.0,principi,0,0,1,1.34,
kokoro,it_solo__principi_принцы,it_solo,it,accent,0.0,principi,0,0,1,1.53,
kokoro,it_solo__principi_принцы,it_solo,it,ipa,0.0,principi,0,0,1,2.46,
kokoro,it_solo__principi_принципы,it_solo,it,plain,0.0,principi,1,0,0,-1.53,
kokoro,it_solo__principi_принципы,it_solo,it,accent,0.0,principi,0,0,1,1.94,
kokoro,it_solo__principi_принципы,it_solo,it,ipa,0.0,principi,0,0,1,1.55,
kokoro,it_solo__capitano_случаются,it_solo,it,plain,0.0,capitano,1,0,0,-0.56,
kokoro,it_solo__capitano_случаются,it_solo,it,accent,0.0,capitano,0,0,1,1.17,
kokoro,it_solo__capitano_случаются,it_solo,it,ipa,0.0,capitano,0,0,1,0.61,
kokoro,it_solo__capitano_капитан,it_solo,it,plain,0.0,capitano,0,0,1,0.72,
kokoro,it_solo__capitano_капитан,it_solo,it,accent,0.0,capitano,0,0,1,0.69,
kokoro,it_solo__capitano_капитан,it_solo,it,ipa,0.0,capitano,0,0,1,1.22,
kokoro,it_solo__subito_сразу,it_solo,it,plain,0.0,subito,0,0,1,3.83,
kokoro,it_solo__subito_сразу,it_solo,it,accent,0.0,subito,0,0,1,3.85,
kokoro,it_solo__subito_сразу,it_solo,it,ipa,0.0,subito,0,0,1,4.1,
kokoro,it_solo__subito_пострадал,it_solo,it,plain,0.0,subito,1,0,0,-3.85,
kokoro,it_solo__subito_пострадал,it_solo,it,accent,0.0,subito,0,0,1,0.35,
kokoro,it_solo__subito_пострадал,it_solo,it,ipa,0.0,subito,0,0,1,1.98,
kokoro,it_solo__indice_указатель,it_solo,it,plain,0.0,indice,0,0,1,1.88,
kokoro,it_solo__indice_указатель,it_solo,it,accent,0.0,indice,0,0,1,1.76,
kokoro,it_solo__indice_указатель,it_solo,it,ipa,0.0,indice,0,0,1,2.17,
kokoro,it_solo__arbitro_судья,it_solo,it,plain,0.0,arbitro,0,0,1,1.28,
kokoro,it_solo__arbitro_судья,it_solo,it,accent,0.0,arbitro,0,0,1,1.27,
kokoro,it_solo__arbitro_судья,it_solo,it,ipa,0.0,arbitro,0,0,1,2.01,
kokoro,it_stress__telefonano,it_stress,it,plain,0.0,telefonano,0,0,1,1.05,
kokoro,it_stress__telefonano,it_stress,it,accent,0.0,telefonano,0,0,1,0.35,
kokoro,it_stress__telefonano,it_stress,it,ipa,0.0,telefonano,0,0,1,0.22,
kokoro,it_stress__desiderano,it_stress,it,plain,0.0,desiderano,0,0,1,2.23,
kokoro,it_stress__desiderano,it_stress,it,accent,0.0,desiderano,0,0,1,2.14,
kokoro,it_stress__desiderano,it_stress,it,ipa,0.0,desiderano,0,0,1,2.74,
kokoro,it_stress__capiscono,it_stress,it,plain,0.0,capiscono,0,0,1,1.73,
kokoro,it_stress__capiscono,it_stress,it,accent,0.0,capiscono,0,0,1,1.8,
kokoro,it_stress__capiscono,it_stress,it,ipa,0.0,capiscono,0,0,1,1.65,
kokoro,it_stress__scrivono,it_stress,it,plain,0.0,scrivono,0,0,1,2.82,
kokoro,it_stress__scrivono,it_stress,it,accent,0.0,scrivono,0,0,1,2.86,
kokoro,it_stress__scrivono,it_stress,it,ipa,0.0,scrivono,0,0,1,2.82,
kokoro,it_stress__farmacia,it_stress,it,plain,0.0,farmacia,0,0,1,5.24,
kokoro,it_stress__farmacia,it_stress,it,accent,0.0,farmacia,0,0,1,4.55,
kokoro,it_stress__farmacia,it_stress,it,ipa,0.0,farmacia,0,0,1,5.52,
kokoro,it_stress__psicologia,it_stress,it,plain,0.0,psicologia,0,0,1,3.79,
kokoro,it_stress__psicologia,it_stress,it,accent,0.0,psicologia,0,0,1,3.82,
kokoro,it_stress__psicologia,it_stress,it,ipa,0.0,psicologia,0,0,1,4.35,
kokoro,it_stress__brindisi,it_stress,it,plain,0.0,brindisi,0,0,1,3.86,
kokoro,it_stress__brindisi,it_stress,it,accent,0.0,brindisi,0,0,1,3.72,
kokoro,it_stress__brindisi,it_stress,it,ipa,0.0,brindisi,0,0,1,2.69,
kokoro,it_stress__zucchero,it_stress,it,plain,0.0,zucchero,0,0,1,0.85,
kokoro,it_stress__zucchero,it_stress,it,accent,0.0,zucchero,0,0,1,2.5,
kokoro,it_stress__zucchero,it_stress,it,ipa,0.0,zucchero,0,0,1,1.15,
kokoro,it_stress__tavolo,it_stress,it,plain,0.0,tavolo,0,0,1,0.23,
kokoro,it_stress__tavolo,it_stress,it,accent,0.0,tavolo,0,0,1,0.15,
kokoro,it_stress__tavolo,it_stress,it,ipa,0.0,tavolo,1,0,0,-0.16,
kokoro,it_stress__piroscafo,it_stress,it,plain,0.0,piroscafo,1,0,0,-0.63,
kokoro,it_stress__piroscafo,it_stress,it,accent,0.0,piroscafo,1,0,0,-0.99,
kokoro,it_stress__piroscafo,it_stress,it,ipa,0.0,piroscafo,1,0,0,-1.69,
kokoro,it_stress__leggere,it_stress,it,plain,0.0,leggere,1,0,0,-1.62,
kokoro,it_stress__leggere,it_stress,it,accent,0.0,leggere,0,0,1,5.0,
kokoro,it_stress__leggere,it_stress,it,ipa,0.0,leggere,0,0,1,4.65,
kokoro,it_stress__leggere_2,it_stress,it,plain,0.0,leggere,0,0,1,1.8,
kokoro,it_stress__leggere_2,it_stress,it,accent,0.0,leggere,0,0,1,1.68,
kokoro,it_stress__leggere_2,it_stress,it,ipa,0.0,leggere,0,0,1,0.59,
kokoro,it_gem__caro_carro__caro,it_gem,it,plain,0.0,caro,,single,,0.75,
kokoro,it_gem__caro_carro__caro,it_gem,it,accent,0.0,caro,,single,,0.75,
kokoro,it_gem__caro_carro__caro,it_gem,it,ipa,0.0,caro,,single,,1.0,
kokoro,it_gem__caro_carro__caro,it_gem,it,ipa_len,0.0,caro,,single,,0.5,
kokoro,it_gem__caro_carro__carro,it_gem,it,plain,0.059,carro,,double,,2.667,
kokoro,it_gem__caro_carro__carro,it_gem,it,accent,0.059,carro,,double,,2.667,
kokoro,it_gem__caro_carro__carro,it_gem,it,ipa,0.059,carro,,double,,1.667,
kokoro,it_gem__caro_carro__carro,it_gem,it,ipa_len,0.059,carro,,double,,2.5,
kokoro,it_gem__pala_palla__pala,it_gem,it,plain,0.0,pala,,single,,1.0,
kokoro,it_gem__pala_palla__pala,it_gem,it,accent,0.0,pala,,single,,1.0,
kokoro,it_gem__pala_palla__pala,it_gem,it,ipa,0.0,pala,,single,,0.5,
kokoro,it_gem__pala_palla__pala,it_gem,it,ipa_len,0.0,pala,,single,,1.0,
kokoro,it_gem__pala_palla__palla,it_gem,it,plain,0.0,palla,,double,,1.667,
kokoro,it_gem__pala_palla__palla,it_gem,it,accent,0.0,palla,,double,,1.667,
kokoro,it_gem__pala_palla__palla,it_gem,it,ipa,0.0,palla,,double,,1.667,
kokoro,it_gem__pala_palla__palla,it_gem,it,ipa_len,0.0,palla,,double,,2.5,
kokoro,it_gem__sete_sette__sete,it_gem,it,plain,0.0,sete,,single,,0.6,
kokoro,it_gem__sete_sette__sete,it_gem,it,accent,0.0,sete,,single,,0.6,
kokoro,it_gem__sete_sette__sete,it_gem,it,ipa,0.0,sete,,single,,0.75,
kokoro,it_gem__sete_sette__sete,it_gem,it,ipa_len,0.0,sete,,single,,0.6,
kokoro,it_gem__sete_sette__sette,it_gem,it,plain,0.294,sette,,double,,2.333,
kokoro,it_gem__sete_sette__sette,it_gem,it,accent,0.294,sette,,double,,2.333,
kokoro,it_gem__sete_sette__sette,it_gem,it,ipa,0.294,sette,,double,,3.5,
kokoro,it_gem__sete_sette__sette,it_gem,it,ipa_len,0.294,sette,,double,,3.5,
kokoro,it_gem__capello_cappello__capello,it_gem,it,plain,0.0,capello,,single,,0.75,
kokoro,it_gem__capello_cappello__capello,it_gem,it,accent,0.0,capello,,single,,0.75,
kokoro,it_gem__capello_cappello__capello,it_gem,it,ipa,0.0,capello,,single,,0.75,
kokoro,it_gem__capello_cappello__capello,it_gem,it,ipa_len,0.0,capello,,single,,0.75,
kokoro,it_gem__capello_cappello__cappello,it_gem,it,plain,0.0,cappello,,double,,3.5,
kokoro,it_gem__capello_cappello__cappello,it_gem,it,accent,0.0,cappello,,double,,3.5,
kokoro,it_gem__capello_cappello__cappello,it_gem,it,ipa,0.0,cappello,,double,,3.0,
kokoro,it_gem__capello_cappello__cappello,it_gem,it,ipa_len,0.0,cappello,,double,,3.5,
kokoro,it_gem__fato_fatto__fato,it_gem,it,plain,0.062,fato,,single,,0.5,
kokoro,it_gem__fato_fatto__fato,it_gem,it,accent,0.062,fato,,single,,0.5,
kokoro,it_gem__fato_fatto__fato,it_gem,it,ipa,0.062,fato,,single,,0.4,
kokoro,it_gem__fato_fatto__fato,it_gem,it,ipa_len,0.062,fato,,single,,0.6,
kokoro,it_gem__fato_fatto__fatto,it_gem,it,plain,0.0,fatto,,double,,2.333,
kokoro,it_gem__fato_fatto__fatto,it_gem,it,accent,0.0,fatto,,double,,2.333,
kokoro,it_gem__fato_fatto__fatto,it_gem,it,ipa,0.0,fatto,,double,,2.0,
kokoro,it_gem__fato_fatto__fatto,it_gem,it,ipa_len,0.0,fatto,,double,,2.0,
kokoro,it_gem__papa_pappa__papa,it_gem,it,plain,0.0,papa,,single,,0.75,
kokoro,it_gem__papa_pappa__papa,it_gem,it,accent,0.0,papa,,single,,0.75,
kokoro,it_gem__papa_pappa__papa,it_gem,it,ipa,0.0,papa,,single,,1.333,
kokoro,it_gem__papa_pappa__papa,it_gem,it,ipa_len,0.0,papa,,single,,0.75,
kokoro,it_gem__papa_pappa__pappa,it_gem,it,plain,0.059,pappa,,double,,1.0,
kokoro,it_gem__papa_pappa__pappa,it_gem,it,accent,0.059,pappa,,double,,1.0,
kokoro,it_gem__papa_pappa__pappa,it_gem,it,ipa,0.059,pappa,,double,,1.0,
kokoro,it_gem__papa_pappa__pappa,it_gem,it,ipa_len,0.059,pappa,,double,,3.0,
kokoro,it_gem__nono_nonno__nono,it_gem,it,plain,0.0,nono,,single,,0.75,
kokoro,it_gem__nono_nonno__nono,it_gem,it,accent,0.0,nono,,single,,0.75,
kokoro,it_gem__nono_nonno__nono,it_gem,it,ipa,0.0,nono,,single,,0.75,
kokoro,it_gem__nono_nonno__nono,it_gem,it,ipa_len,0.0,nono,,single,,0.75,
kokoro,it_gem__nono_nonno__nonno,it_gem,it,plain,0.0,nonno,,double,,2.0,
kokoro,it_gem__nono_nonno__nonno,it_gem,it,accent,0.0,nonno,,double,,2.0,
kokoro,it_gem__nono_nonno__nonno,it_gem,it,ipa,0.0,nonno,,double,,2.5,
kokoro,it_gem__nono_nonno__nonno,it_gem,it,ipa_len,0.059,nonno,,double,,0.75,
magpie,it_context__ancora_ancora,it_context,it,plain,0.0,ancora,0,0,1,6.05,
magpie,it_context__ancora_ancora,it_context,it,accent,0.0,ancora,0,0,1,4.26,
magpie,it_context__ancora_ancora2,it_context,it,plain,0.032,ancora,,,,,не выровнялось
magpie,it_context__ancora_ancora2,it_context,it,accent,0.0,ancora,,,,,не выровнялось
magpie,it_context__principi_principles,it_context,it,plain,0.0,principi,0,0,1,1.26,
magpie,it_context__principi_principles,it_context,it,accent,0.0,principi,0,0,1,4.23,
magpie,it_context__principi_princes,it_context,it,plain,0.0,principi,0,0,1,4.55,
magpie,it_context__principi_princes,it_context,it,accent,0.0,principi,0,0,1,4.2,
magpie,it_context__capitano_captain,it_context,it,plain,0.0,capitano,1,0,0,-1.59,
magpie,it_context__capitano_captain,it_context,it,accent,0.0,capitano,1,0,0,-1.02,
magpie,it_context__capitano_happen,it_context,it,plain,0.0,capitano,1,0,0,-3.96,
magpie,it_context__capitano_happen,it_context,it,accent,0.0,capitano,0,0,1,3.8,
magpie,it_context__subito_soon,it_context,it,plain,0.0,subito,0,0,1,1.08,
magpie,it_context__subito_soon,it_context,it,accent,0.0,subito,0,0,1,1.65,
magpie,it_context__subito_suffered,it_context,it,plain,0.0,subito,1,0,0,-4.62,
magpie,it_context__subito_suffered,it_context,it,accent,0.0,subito,0,0,1,2.88,
magpie,it_solo__ancora_якорь,it_solo,it,plain,0.0,ancora,1,0,0,-5.38,
magpie,it_solo__ancora_якорь,it_solo,it,accent,0.0,ancora,1,0,0,-3.33,
magpie,it_solo__ancora_ещё,it_solo,it,plain,0.0,ancora,0,0,1,2.07,
magpie,it_solo__ancora_ещё,it_solo,it,accent,0.0,ancora,0,0,1,6.18,
magpie,it_solo__principi_принцы,it_solo,it,plain,0.0,principi,0,0,1,0.58,
magpie,it_solo__principi_принцы,it_solo,it,accent,0.0,principi,0,0,1,1.2,
magpie,it_solo__principi_принципы,it_solo,it,plain,0.0,principi,1,0,0,-2.89,
magpie,it_solo__principi_принципы,it_solo,it,accent,0.0,principi,0,0,1,0.52,
magpie,it_solo__capitano_случаются,it_solo,it,plain,0.0,capitano,0,0,1,1.18,
magpie,it_solo__capitano_случаются,it_solo,it,accent,0.0,capitano,0,0,1,2.98,
magpie,it_solo__capitano_капитан,it_solo,it,plain,0.0,capitano,0,0,1,5.57,
magpie,it_solo__capitano_капитан,it_solo,it,accent,0.0,capitano,0,0,1,1.47,
magpie,it_solo__subito_сразу,it_solo,it,plain,0.0,subito,0,0,1,1.41,
magpie,it_solo__subito_сразу,it_solo,it,accent,0.0,subito,1,0,0,-0.35,
magpie,it_solo__subito_пострадал,it_solo,it,plain,0.0,subito,1,0,0,-1.03,
magpie,it_solo__subito_пострадал,it_solo,it,accent,0.0,subito,0,0,1,0.86,
magpie,it_solo__indice_указатель,it_solo,it,plain,0.0,indice,0,0,1,3.1,
magpie,it_solo__indice_указатель,it_solo,it,accent,0.0,indice,0,0,1,1.26,
magpie,it_solo__arbitro_судья,it_solo,it,plain,0.0,arbitro,0,0,1,1.08,
magpie,it_solo__arbitro_судья,it_solo,it,accent,0.0,arbitro,0,0,1,4.57,
magpie,it_stress__telefonano,it_stress,it,plain,0.0,telefonano,1,0,0,-6.32,
magpie,it_stress__telefonano,it_stress,it,accent,0.0,telefonano,0,0,1,0.83,
magpie,it_stress__desiderano,it_stress,it,plain,0.0,desiderano,1,0,0,-1.17,
magpie,it_stress__desiderano,it_stress,it,accent,0.0,desiderano,1,0,0,-0.77,
magpie,it_stress__capiscono,it_stress,it,plain,0.0,capiscono,0,0,1,1.4,
magpie,it_stress__capiscono,it_stress,it,accent,0.0,capiscono,1,0,0,-2.03,
magpie,it_stress__scrivono,it_stress,it,plain,0.0,scrivono,0,0,1,1.49,
magpie,it_stress__scrivono,it_stress,it,accent,0.0,scrivono,0,0,1,0.83,
magpie,it_stress__farmacia,it_stress,it,plain,0.0,farmacia,0,0,1,1.58,
magpie,it_stress__farmacia,it_stress,it,accent,0.0,farmacia,0,0,1,0.96,
magpie,it_stress__psicologia,it_stress,it,plain,0.0,psicologia,0,0,1,2.98,
magpie,it_stress__psicologia,it_stress,it,accent,0.091,psicologia,0,0,1,2.33,
magpie,it_stress__brindisi,it_stress,it,plain,0.0,brindisi,0,0,1,4.24,
magpie,it_stress__brindisi,it_stress,it,accent,0.0,brindisi,0,0,1,4.35,
magpie,it_stress__zucchero,it_stress,it,plain,0.0,zucchero,1,0,0,-0.52,
magpie,it_stress__zucchero,it_stress,it,accent,0.0,zucchero,0,0,1,0.73,
magpie,it_stress__tavolo,it_stress,it,plain,0.0,tavolo,0,0,1,5.33,
magpie,it_stress__tavolo,it_stress,it,accent,0.0,tavolo,0,0,1,4.64,
magpie,it_stress__piroscafo,it_stress,it,plain,0.0,piroscafo,0,0,1,0.35,
magpie,it_stress__piroscafo,it_stress,it,accent,0.0,piroscafo,0,0,1,2.58,
magpie,it_stress__leggere,it_stress,it,plain,0.0,leggere,1,0,0,-0.11,
magpie,it_stress__leggere,it_stress,it,accent,0.053,leggere,0,0,1,3.46,
magpie,it_stress__leggere_2,it_stress,it,plain,0.0,leggere,1,0,0,-4.55,
magpie,it_stress__leggere_2,it_stress,it,accent,0.0,leggere,0,0,1,1.55,
magpie,it_gem__caro_carro__caro,it_gem,it,plain,0.0,caro,,single,,0.6,
magpie,it_gem__caro_carro__caro,it_gem,it,accent,0.0,caro,,single,,0.6,
magpie,it_gem__caro_carro__carro,it_gem,it,plain,0.0,carro,,double,,1.0,
magpie,it_gem__caro_carro__carro,it_gem,it,accent,0.0,carro,,double,,0.8,
magpie,it_gem__pala_palla__pala,it_gem,it,plain,0.188,pala,,single,,0.4,
magpie,it_gem__pala_palla__pala,it_gem,it,accent,0.0,pala,,single,,0.167,
magpie,it_gem__pala_palla__palla,it_gem,it,plain,0.0,palla,,double,,1.667,
magpie,it_gem__pala_palla__palla,it_gem,it,accent,0.0,palla,,double,,1.25,
magpie,it_gem__sete_sette__sete,it_gem,it,plain,0.062,sete,,single,,0.4,
magpie,it_gem__sete_sette__sete,it_gem,it,accent,0.0,sete,,single,,0.667,
magpie,it_gem__sete_sette__sette,it_gem,it,plain,0.294,sette,,double,,2.5,
magpie,it_gem__sete_sette__sette,it_gem,it,accent,0.0,sette,,double,,2.5,
magpie,it_gem__capello_cappello__capello,it_gem,it,plain,0.0,capello,,single,,1.0,
magpie,it_gem__capello_cappello__capello,it_gem,it,accent,0.0,capello,,single,,0.6,
magpie,it_gem__capello_cappello__cappello,it_gem,it,plain,0.0,cappello,,double,,3.5,
magpie,it_gem__capello_cappello__cappello,it_gem,it,accent,0.0,cappello,,double,,3.0,
magpie,it_gem__fato_fatto__fato,it_gem,it,plain,0.0,fato,,single,,0.429,
magpie,it_gem__fato_fatto__fato,it_gem,it,accent,0.062,fato,,single,,0.333,
magpie,it_gem__fato_fatto__fatto,it_gem,it,plain,0.0,fatto,,double,,2.0,
magpie,it_gem__fato_fatto__fatto,it_gem,it,accent,0.0,fatto,,double,,1.6,
magpie,it_gem__papa_pappa__papa,it_gem,it,plain,0.0,papa,,single,,1.0,
magpie,it_gem__papa_pappa__papa,it_gem,it,accent,0.0,papa,,single,,0.4,
magpie,it_gem__papa_pappa__pappa,it_gem,it,plain,0.0,pappa,,double,,2.0,
magpie,it_gem__papa_pappa__pappa,it_gem,it,accent,0.0,pappa,,double,,2.0,
magpie,it_gem__nono_nonno__nono,it_gem,it,plain,0.125,nono,,single,,1.0,
magpie,it_gem__nono_nonno__nono,it_gem,it,accent,0.0,nono,,single,,0.75,
magpie,it_gem__nono_nonno__nonno,it_gem,it,plain,0.0,nonno,,double,,1.5,
magpie,it_gem__nono_nonno__nonno,it_gem,it,accent,0.0,nonno,,double,,1.2,
moss_v10,it_context__ancora_ancora,it_context,it,plain,0.0,ancora,0,0,1,1.1,
moss_v10,it_context__ancora_ancora,it_context,it,accent,0.0,ancora,0,0,1,2.7,
moss_v10,it_context__ancora_ancora,it_context,it,ipa,1.545,ancora,1,0,0,-1.11,
moss_v10,it_context__ancora_ancora,it_context,it,ipa_word,0.227,ancora,0,0,1,5.6,
moss_v10,it_context__ancora_ancora2,it_context,it,plain,0.129,ancora,,,,,не выровнялось
moss_v10,it_context__ancora_ancora2,it_context,it,accent,0.29,ancora,,,,,не выровнялось
moss_v10,it_context__ancora_ancora2,it_context,it,ipa,1.161,ancora,,,,,не выровнялось
moss_v10,it_context__ancora_ancora2,it_context,it,ipa_word,0.097,ancora,,,,,не выровнялось
moss_v10,it_context__principi_principles,it_context,it,plain,0.0,principi,0,0,1,5.18,
moss_v10,it_context__principi_principles,it_context,it,accent,0.0,principi,1,0,0,-3.51,
moss_v10,it_context__principi_principles,it_context,it,ipa,1.0,principi,1,0,0,-3.42,
moss_v10,it_context__principi_principles,it_context,it,ipa_word,0.27,principi,1,0,0,-1.82,
moss_v10,it_context__principi_princes,it_context,it,plain,0.0,principi,1,0,0,-1.35,
moss_v10,it_context__principi_princes,it_context,it,accent,0.0,principi,0,0,1,2.33,
moss_v10,it_context__principi_princes,it_context,it,ipa,0.745,principi,0,0,1,1.71,
moss_v10,it_context__principi_princes,it_context,it,ipa_word,0.255,principi,0,0,1,1.45,
moss_v10,it_context__capitano_captain,it_context,it,plain,0.0,capitano,0,0,1,7.35,
moss_v10,it_context__capitano_captain,it_context,it,accent,0.0,capitano,0,0,1,5.87,
moss_v10,it_context__capitano_captain,it_context,it,ipa,0.323,capitano,0,0,1,0.56,
moss_v10,it_context__capitano_captain,it_context,it,ipa_word,0.097,capitano,0,0,1,2.61,
moss_v10,it_context__capitano_happen,it_context,it,plain,0.0,capitano,1,0,0,-3.73,
moss_v10,it_context__capitano_happen,it_context,it,accent,0.0,capitano,0,0,1,4.17,
moss_v10,it_context__capitano_happen,it_context,it,ipa,0.63,capitano,0,0,1,2.5,
moss_v10,it_context__capitano_happen,it_context,it,ipa_word,0.259,capitano,0,0,1,3.53,
moss_v10,it_context__subito_soon,it_context,it,plain,0.25,subito,0,0,1,4.92,
moss_v10,it_context__subito_soon,it_context,it,accent,0.0,subito,1,0,0,-0.92,
moss_v10,it_context__subito_soon,it_context,it,ipa,1.125,subito,0,0,1,3.74,
moss_v10,it_context__subito_soon,it_context,it,ipa_word,0.688,subito,0,0,1,1.96,
moss_v10,it_context__subito_suffered,it_context,it,plain,0.0,subito,1,0,0,-0.83,
moss_v10,it_context__subito_suffered,it_context,it,accent,0.0,subito,0,0,1,4.45,
moss_v10,it_context__subito_suffered,it_context,it,ipa,0.321,subito,1,0,0,-5.6,
moss_v10,it_context__subito_suffered,it_context,it,ipa_word,0.036,subito,1,0,0,-2.49,
moss_v10,it_solo__ancora_якорь,it_solo,it,plain,0.0,ancora,1,0,0,-3.22,
moss_v10,it_solo__ancora_якорь,it_solo,it,accent,0.0,ancora,1,0,0,-2.87,
moss_v10,it_solo__ancora_якорь,it_solo,it,ipa,0.5,ancora,0,0,1,1.35,
moss_v10,it_solo__ancora_якорь,it_solo,it,ipa_word,0.222,ancora,1,0,0,-3.38,
moss_v10,it_solo__ancora_ещё,it_solo,it,plain,0.0,ancora,0,0,1,6.31,
moss_v10,it_solo__ancora_ещё,it_solo,it,accent,0.222,ancora,0,0,1,1.54,
moss_v10,it_solo__ancora_ещё,it_solo,it,ipa,0.722,ancora,0,0,1,2.51,
moss_v10,it_solo__ancora_ещё,it_solo,it,ipa_word,0.667,ancora,0,0,1,5.85,
moss_v10,it_solo__principi_принцы,it_solo,it,plain,0.0,principi,1,0,0,-4.32,
moss_v10,it_solo__principi_принцы,it_solo,it,accent,0.0,principi,0,0,1,3.43,
moss_v10,it_solo__principi_принцы,it_solo,it,ipa,0.45,principi,1,0,0,-0.19,
moss_v10,it_solo__principi_принцы,it_solo,it,ipa_word,0.05,principi,1,0,0,-2.24,
moss_v10,it_solo__principi_принципы,it_solo,it,plain,0.0,principi,1,0,0,-0.97,
moss_v10,it_solo__principi_принципы,it_solo,it,accent,0.0,principi,1,0,0,-2.86,
moss_v10,it_solo__principi_принципы,it_solo,it,ipa,1.25,principi,1,0,0,-4.53,
moss_v10,it_solo__principi_принципы,it_solo,it,ipa_word,0.2,principi,1,0,0,-2.46,
moss_v10,it_solo__capitano_случаются,it_solo,it,plain,0.0,capitano,1,0,0,-1.11,
moss_v10,it_solo__capitano_случаются,it_solo,it,accent,0.25,capitano,0,0,1,2.88,
moss_v10,it_solo__capitano_случаются,it_solo,it,ipa,0.35,capitano,1,0,0,-6.07,
moss_v10,it_solo__capitano_случаются,it_solo,it,ipa_word,0.3,capitano,1,0,0,-4.93,
moss_v10,it_solo__capitano_капитан,it_solo,it,plain,0.0,capitano,0,0,1,0.09,
moss_v10,it_solo__capitano_капитан,it_solo,it,accent,0.0,capitano,0,0,1,3.06,
moss_v10,it_solo__capitano_капитан,it_solo,it,ipa,0.35,capitano,0,0,1,2.96,
moss_v10,it_solo__capitano_капитан,it_solo,it,ipa_word,0.3,capitano,0,0,1,0.12,
moss_v10,it_solo__subito_сразу,it_solo,it,plain,0.056,subito,0,0,1,3.47,
moss_v10,it_solo__subito_сразу,it_solo,it,accent,0.0,subito,1,0,0,-1.38,
moss_v10,it_solo__subito_сразу,it_solo,it,ipa,1.556,subito,0,0,1,2.4,
moss_v10,it_solo__subito_сразу,it_solo,it,ipa_word,0.0,subito,0,0,1,4.64,
moss_v10,it_solo__subito_пострадал,it_solo,it,plain,0.167,subito,1,0,0,-2.49,
moss_v10,it_solo__subito_пострадал,it_solo,it,accent,0.111,subito,0,0,1,0.18,
moss_v10,it_solo__subito_пострадал,it_solo,it,ipa,0.444,subito,1,0,0,-2.07,
moss_v10,it_solo__subito_пострадал,it_solo,it,ipa_word,0.111,subito,0,0,1,3.28,
moss_v10,it_solo__indice_указатель,it_solo,it,plain,0.222,indice,0,0,1,1.39,
moss_v10,it_solo__indice_указатель,it_solo,it,accent,0.333,indice,0,0,1,4.0,
moss_v10,it_solo__indice_указатель,it_solo,it,ipa,0.667,indice,1,0,0,-0.56,
moss_v10,it_solo__indice_указатель,it_solo,it,ipa_word,0.444,indice,0,0,1,5.34,
moss_v10,it_solo__arbitro_судья,it_solo,it,plain,0.0,arbitro,1,0,0,-3.1,
moss_v10,it_solo__arbitro_судья,it_solo,it,accent,0.0,arbitro,1,0,0,-1.33,
moss_v10,it_solo__arbitro_судья,it_solo,it,ipa,0.526,arbitro,0,0,1,1.28,
moss_v10,it_solo__arbitro_судья,it_solo,it,ipa_word,0.526,arbitro,0,0,1,1.95,
moss_v10,it_stress__telefonano,it_stress,it,plain,0.0,telefonano,1,0,0,-0.31,
moss_v10,it_stress__telefonano,it_stress,it,accent,0.0,telefonano,1,0,0,-2.34,
moss_v10,it_stress__telefonano,it_stress,it,ipa,0.545,telefonano,0,0,1,3.18,
moss_v10,it_stress__telefonano,it_stress,it,ipa_word,0.227,telefonano,1,0,0,-1.12,
moss_v10,it_stress__desiderano,it_stress,it,plain,0.0,desiderano,1,0,0,-1.31,
moss_v10,it_stress__desiderano,it_stress,it,accent,0.136,desiderano,1,0,0,-2.51,
moss_v10,it_stress__desiderano,it_stress,it,ipa,1.5,desiderano,1,0,0,-1.53,
moss_v10,it_stress__desiderano,it_stress,it,ipa_word,1.364,desiderano,0,0,1,2.35,
moss_v10,it_stress__capiscono,it_stress,it,plain,0.238,capiscono,0,0,1,4.09,
moss_v10,it_stress__capiscono,it_stress,it,accent,0.238,capiscono,0,0,1,3.26,
moss_v10,it_stress__capiscono,it_stress,it,ipa,0.381,capiscono,1,0,0,-0.44,
moss_v10,it_stress__capiscono,it_stress,it,ipa_word,0.286,capiscono,0,0,1,3.47,
moss_v10,it_stress__scrivono,it_stress,it,plain,0.2,scrivono,0,0,1,3.1,
moss_v10,it_stress__scrivono,it_stress,it,accent,0.0,scrivono,0,0,1,4.23,
moss_v10,it_stress__scrivono,it_stress,it,ipa,0.3,scrivono,1,0,0,-5.62,
moss_v10,it_stress__scrivono,it_stress,it,ipa_word,0.0,scrivono,1,0,0,-1.49,
moss_v10,it_stress__farmacia,it_stress,it,plain,0.25,farmacia,1,0,0,-3.44,
moss_v10,it_stress__farmacia,it_stress,it,accent,0.05,farmacia,1,0,0,-1.9,
moss_v10,it_stress__farmacia,it_stress,it,ipa,1.5,farmacia,1,0,0,-0.16,
moss_v10,it_stress__farmacia,it_stress,it,ipa_word,0.1,farmacia,0,0,1,2.03,
moss_v10,it_stress__psicologia,it_stress,it,plain,0.0,psicologia,0,0,1,1.32,
moss_v10,it_stress__psicologia,it_stress,it,accent,0.045,psicologia,1,0,0,-2.99,
moss_v10,it_stress__psicologia,it_stress,it,ipa,0.5,psicologia,0,0,1,0.63,
moss_v10,it_stress__psicologia,it_stress,it,ipa_word,0.182,psicologia,0,0,1,0.22,
moss_v10,it_stress__brindisi,it_stress,it,plain,0.0,brindisi,1,0,0,-3.83,
moss_v10,it_stress__brindisi,it_stress,it,accent,0.0,brindisi,0,0,1,4.19,
moss_v10,it_stress__brindisi,it_stress,it,ipa,1.05,brindisi,1,0,0,-5.02,
moss_v10,it_stress__brindisi,it_stress,it,ipa_word,0.45,brindisi,1,0,0,-1.09,
moss_v10,it_stress__zucchero,it_stress,it,plain,0.0,zucchero,0,0,1,3.21,
moss_v10,it_stress__zucchero,it_stress,it,accent,0.0,zucchero,0,0,1,3.19,
moss_v10,it_stress__zucchero,it_stress,it,ipa,0.7,zucchero,0,0,1,1.07,
moss_v10,it_stress__zucchero,it_stress,it,ipa_word,2.3,zucchero,1,0,0,-2.15,
moss_v10,it_stress__tavolo,it_stress,it,plain,0.0,tavolo,0,0,1,5.6,
moss_v10,it_stress__tavolo,it_stress,it,accent,0.0,tavolo,0,0,1,2.84,
moss_v10,it_stress__tavolo,it_stress,it,ipa,0.611,tavolo,0,0,1,4.61,
moss_v10,it_stress__tavolo,it_stress,it,ipa_word,0.167,tavolo,0,0,1,5.96,
moss_v10,it_stress__piroscafo,it_stress,it,plain,0.095,piroscafo,1,0,0,-4.02,
moss_v10,it_stress__piroscafo,it_stress,it,accent,0.238,piroscafo,0,0,1,2.36,
moss_v10,it_stress__piroscafo,it_stress,it,ipa,0.762,piroscafo,0,0,1,0.47,
moss_v10,it_stress__piroscafo,it_stress,it,ipa_word,0.095,piroscafo,1,0,0,-0.73,
moss_v10,it_stress__leggere,it_stress,it,plain,0.684,leggere,0,0,1,0.9,
moss_v10,it_stress__leggere,it_stress,it,accent,0.053,leggere,0,0,1,3.45,
moss_v10,it_stress__leggere,it_stress,it,ipa,0.842,leggere,1,0,0,-1.46,
moss_v10,it_stress__leggere,it_stress,it,ipa_word,0.053,leggere,0,0,1,0.55,
moss_v10,it_stress__leggere_2,it_stress,it,plain,0.316,leggere,0,0,1,4.01,
moss_v10,it_stress__leggere_2,it_stress,it,accent,0.0,leggere,1,0,0,-1.95,
moss_v10,it_stress__leggere_2,it_stress,it,ipa,1.211,leggere,0,0,1,2.95,
moss_v10,it_stress__leggere_2,it_stress,it,ipa_word,0.158,leggere,0,0,1,1.12,
moss_v10,it_gem__caro_carro__caro,it_gem,it,plain,0.062,caro,,single,,0.6,
moss_v10,it_gem__caro_carro__caro,it_gem,it,accent,0.0,caro,,single,,0.571,
moss_v10,it_gem__caro_carro__caro,it_gem,it,ipa,0.312,caro,,single,,0.667,
moss_v10,it_gem__caro_carro__caro,it_gem,it,ipa_len,0.062,caro,,single,,0.5,
moss_v10,it_gem__caro_carro__caro,it_gem,it,ipa_word,0.375,caro,,single,,0.667,
moss_v10,it_gem__caro_carro__caro,it_gem,it,ipa_len_word,0.25,caro,,single,,4.0,
moss_v10,it_gem__caro_carro__carro,it_gem,it,plain,0.176,carro,,double,,4.0,
moss_v10,it_gem__caro_carro__carro,it_gem,it,accent,0.176,carro,,double,,0.75,
moss_v10,it_gem__caro_carro__carro,it_gem,it,ipa,0.941,carro,,double,,2.25,
moss_v10,it_gem__caro_carro__carro,it_gem,it,ipa_len,0.765,carro,,double,,2.4,
moss_v10,it_gem__caro_carro__carro,it_gem,it,ipa_word,0.235,carro,,double,,1.833,
moss_v10,it_gem__caro_carro__carro,it_gem,it,ipa_len_word,0.059,carro,,double,,1.0,
moss_v10,it_gem__pala_palla__pala,it_gem,it,plain,0.0,pala,,single,,0.286,
moss_v10,it_gem__pala_palla__pala,it_gem,it,accent,0.062,pala,,single,,0.429,
moss_v10,it_gem__pala_palla__pala,it_gem,it,ipa,0.375,pala,,single,,0.8,
moss_v10,it_gem__pala_palla__pala,it_gem,it,ipa_len,0.938,pala,,single,,0.833,
moss_v10,it_gem__pala_palla__pala,it_gem,it,ipa_word,0.875,pala,,single,,0.5,
moss_v10,it_gem__pala_palla__pala,it_gem,it,ipa_len_word,0.312,pala,,single,,0.333,
moss_v10,it_gem__pala_palla__palla,it_gem,it,plain,0.0,palla,,double,,1.2,
moss_v10,it_gem__pala_palla__palla,it_gem,it,accent,0.0,palla,,double,,1.25,
moss_v10,it_gem__pala_palla__palla,it_gem,it,ipa,0.765,palla,,double,,2.333,
moss_v10,it_gem__pala_palla__palla,it_gem,it,ipa_len,0.882,palla,,double,,1.8,
moss_v10,it_gem__pala_palla__palla,it_gem,it,ipa_word,0.353,palla,,double,,2.0,
moss_v10,it_gem__pala_palla__palla,it_gem,it,ipa_len_word,0.529,palla,,double,,1.286,
moss_v10,it_gem__sete_sette__sete,it_gem,it,plain,0.0,sete,,single,,0.5,
moss_v10,it_gem__sete_sette__sete,it_gem,it,accent,0.0,sete,,single,,0.75,
moss_v10,it_gem__sete_sette__sete,it_gem,it,ipa,0.625,sete,,single,,1.0,
moss_v10,it_gem__sete_sette__sete,it_gem,it,ipa_len,1.375,sete,,single,,0.833,
moss_v10,it_gem__sete_sette__sete,it_gem,it,ipa_word,0.375,sete,,single,,0.667,
moss_v10,it_gem__sete_sette__sete,it_gem,it,ipa_len_word,0.688,sete,,single,,0.75,
moss_v10,it_gem__sete_sette__sette,it_gem,it,plain,0.118,sette,,double,,2.0,
moss_v10,it_gem__sete_sette__sette,it_gem,it,accent,0.118,sette,,double,,0.5,
moss_v10,it_gem__sete_sette__sette,it_gem,it,ipa,0.588,sette,,double,,1.333,
moss_v10,it_gem__sete_sette__sette,it_gem,it,ipa_len,0.588,sette,,double,,8.0,
moss_v10,it_gem__sete_sette__sette,it_gem,it,ipa_word,0.471,sette,,double,,2.5,
moss_v10,it_gem__sete_sette__sette,it_gem,it,ipa_len_word,0.176,sette,,double,,3.0,
moss_v10,it_gem__capello_cappello__capello,it_gem,it,plain,0.0,capello,,single,,0.6,
moss_v10,it_gem__capello_cappello__capello,it_gem,it,accent,0.0,capello,,single,,0.8,
moss_v10,it_gem__capello_cappello__capello,it_gem,it,ipa,0.263,capello,,single,,1.6,
moss_v10,it_gem__capello_cappello__capello,it_gem,it,ipa_len,0.947,capello,,single,,2.25,
moss_v10,it_gem__capello_cappello__capello,it_gem,it,ipa_word,0.316,capello,,single,,1.833,
moss_v10,it_gem__capello_cappello__capello,it_gem,it,ipa_len_word,0.263,capello,,single,,3.833,
moss_v10,it_gem__capello_cappello__cappello,it_gem,it,plain,0.05,cappello,,double,,3.5,
moss_v10,it_gem__capello_cappello__cappello,it_gem,it,accent,0.1,cappello,,double,,3.5,
moss_v10,it_gem__capello_cappello__cappello,it_gem,it,ipa,1.15,cappello,,double,,3.5,
moss_v10,it_gem__capello_cappello__cappello,it_gem,it,ipa_len,0.65,cappello,,double,,5.667,
moss_v10,it_gem__capello_cappello__cappello,it_gem,it,ipa_word,0.35,cappello,,double,,1.625,
moss_v10,it_gem__capello_cappello__cappello,it_gem,it,ipa_len_word,0.2,cappello,,double,,3.4,
moss_v10,it_gem__fato_fatto__fato,it_gem,it,plain,0.062,fato,,single,,0.444,
moss_v10,it_gem__fato_fatto__fato,it_gem,it,accent,0.125,fato,,single,,0.375,
moss_v10,it_gem__fato_fatto__fato,it_gem,it,ipa,0.812,fato,,single,,0.833,
moss_v10,it_gem__fato_fatto__fato,it_gem,it,ipa_len,0.75,fato,,single,,1.4,
moss_v10,it_gem__fato_fatto__fato,it_gem,it,ipa_word,0.562,fato,,single,,0.667,
moss_v10,it_gem__fato_fatto__fato,it_gem,it,ipa_len_word,0.188,fato,,single,,0.833,
moss_v10,it_gem__fato_fatto__fatto,it_gem,it,plain,0.0,fatto,,double,,1.25,
moss_v10,it_gem__fato_fatto__fatto,it_gem,it,accent,0.0,fatto,,double,,1.0,
moss_v10,it_gem__fato_fatto__fatto,it_gem,it,ipa,0.941,fatto,,double,,9.0,
moss_v10,it_gem__fato_fatto__fatto,it_gem,it,ipa_len,0.647,fatto,,double,,2.75,
moss_v10,it_gem__fato_fatto__fatto,it_gem,it,ipa_word,0.176,fatto,,double,,1.833,
moss_v10,it_gem__fato_fatto__fatto,it_gem,it,ipa_len_word,0.353,fatto,,double,,1.0,
moss_v10,it_gem__papa_pappa__papa,it_gem,it,plain,0.062,papa,,single,,0.667,
moss_v10,it_gem__papa_pappa__papa,it_gem,it,accent,0.0,papa,,single,,0.4,
moss_v10,it_gem__papa_pappa__papa,it_gem,it,ipa,0.562,papa,,single,,0.7,
moss_v10,it_gem__papa_pappa__papa,it_gem,it,ipa_len,0.438,papa,,single,,2.25,
moss_v10,it_gem__papa_pappa__papa,it_gem,it,ipa_word,0.562,papa,,single,,0.75,
moss_v10,it_gem__papa_pappa__papa,it_gem,it,ipa_len_word,0.312,papa,,single,,0.75,
moss_v10,it_gem__papa_pappa__pappa,it_gem,it,plain,0.0,pappa,,double,,1.143,
moss_v10,it_gem__papa_pappa__pappa,it_gem,it,accent,0.0,pappa,,double,,1.833,
moss_v10,it_gem__papa_pappa__pappa,it_gem,it,ipa,0.647,pappa,,double,,2.25,
moss_v10,it_gem__papa_pappa__pappa,it_gem,it,ipa_len,0.765,pappa,,double,,5.5,
moss_v10,it_gem__papa_pappa__pappa,it_gem,it,ipa_word,0.294,pappa,,double,,1.0,
moss_v10,it_gem__papa_pappa__pappa,it_gem,it,ipa_len_word,0.353,pappa,,double,,3.333,
moss_v10,it_gem__nono_nonno__nono,it_gem,it,plain,0.062,nono,,single,,1.0,
moss_v10,it_gem__nono_nonno__nono,it_gem,it,accent,0.0,nono,,single,,0.5,
moss_v10,it_gem__nono_nonno__nono,it_gem,it,ipa,0.438,nono,,single,,0.75,
moss_v10,it_gem__nono_nonno__nono,it_gem,it,ipa_len,0.625,nono,,single,,0.444,
moss_v10,it_gem__nono_nonno__nono,it_gem,it,ipa_word,0.188,nono,,single,,1.333,
moss_v10,it_gem__nono_nonno__nono,it_gem,it,ipa_len_word,0.25,nono,,single,,0.5,
moss_v10,it_gem__nono_nonno__nonno,it_gem,it,plain,0.118,nonno,,double,,2.5,
moss_v10,it_gem__nono_nonno__nonno,it_gem,it,accent,0.176,nonno,,double,,3.5,
moss_v10,it_gem__nono_nonno__nonno,it_gem,it,ipa,0.529,nonno,,double,,3.5,
moss_v10,it_gem__nono_nonno__nonno,it_gem,it,ipa_len,0.588,nonno,,double,,1.0,
moss_v10,it_gem__nono_nonno__nonno,it_gem,it,ipa_word,0.235,nonno,,double,,11.0,
moss_v10,it_gem__nono_nonno__nonno,it_gem,it,ipa_len_word,0.059,nonno,,double,,1.75,
moss_v10,ru__zamok_castle,ru,ru,plain,0.312,замок,0,0,1,0.0,
moss_v10,ru__zamok_castle,ru,ru,accent,0.0,замок,1,0,0,-2.0,
moss_v10,ru__zamok_castle,ru,ru,ipa_word,0.125,замок,0,0,1,2.0,
moss_v10,ru__zamok_castle,ru,ru,clone,0.0,замок,1,0,0,-6.0,
moss_v10,ru__zamok_lock,ru,ru,plain,0.0,замок,1,0,0,-6.0,
moss_v10,ru__zamok_lock,ru,ru,accent,0.125,замок,1,0,0,-2.0,
moss_v10,ru__zamok_lock,ru,ru,ipa_word,0.375,замок,1,0,0,-4.0,
moss_v10,ru__zamok_lock,ru,ru,clone,0.0,замок,1,0,0,-2.0,
moss_v10,ru__plachu_cry,ru,ru,plain,0.0,плачу,1,0,0,-2.0,
moss_v10,ru__plachu_cry,ru,ru,accent,0.0,плачу,0,0,1,4.0,
moss_v10,ru__plachu_cry,ru,ru,ipa_word,0.267,плачу,0,0,1,2.0,
moss_v10,ru__plachu_cry,ru,ru,clone,0.0,плачу,1,0,0,-2.0,
moss_v10,ru__plachu_pay,ru,ru,plain,0.0,плачу,1,0,0,-2.0,
moss_v10,ru__plachu_pay,ru,ru,accent,0.0,плачу,0,0,1,2.0,
moss_v10,ru__plachu_pay,ru,ru,ipa_word,0.6,плачу,1,0,0,-2.0,
moss_v10,ru__plachu_pay,ru,ru,clone,3.067,плачу,1,0,0,-4.0,
moss_v10,ru__muka_pain,ru,ru,plain,0.0,мука,0,0,1,0.0,
moss_v10,ru__muka_pain,ru,ru,accent,0.0,мука,0,0,1,0.0,
moss_v10,ru__muka_pain,ru,ru,ipa_word,0.087,мука,0,0,1,0.0,
moss_v10,ru__muka_pain,ru,ru,clone,0.0,мука,0,0,1,2.0,
moss_v10,ru__muka_flour,ru,ru,plain,0.0,муку,0,0,1,2.0,
moss_v10,ru__muka_flour,ru,ru,accent,0.053,муку,0,0,1,2.0,
moss_v10,ru__muka_flour,ru,ru,ipa_word,0.105,муку,0,0,1,2.0,
moss_v10,ru__muka_flour,ru,ru,clone,0.158,муку,0,0,1,2.0,
moss_v15,it_context__ancora_ancora,it_context,it,plain,0.0,ancora,0,0,1,2.44,
moss_v15,it_context__ancora_ancora,it_context,it,accent,0.0,ancora,0,0,1,6.89,
moss_v15,it_context__ancora_ancora,it_context,it,ipa,0.182,ancora,0,0,1,3.52,
moss_v15,it_context__ancora_ancora,it_context,it,ipa_word,0.0,ancora,0,0,1,3.7,
moss_v15,it_context__ancora_ancora2,it_context,it,plain,0.097,ancora,,,,,не выровнялось
moss_v15,it_context__ancora_ancora2,it_context,it,accent,0.0,ancora,,,,,не выровнялось
moss_v15,it_context__ancora_ancora2,it_context,it,ipa,0.226,ancora,,,,,не выровнялось
moss_v15,it_context__ancora_ancora2,it_context,it,ipa_word,0.161,ancora,,,,,не выровнялось
moss_v15,it_context__principi_principles,it_context,it,plain,0.0,principi,0,0,1,1.08,
moss_v15,it_context__principi_principles,it_context,it,accent,0.0,principi,0,0,1,3.62,
moss_v15,it_context__principi_principles,it_context,it,ipa,0.243,principi,1,0,0,-2.92,
moss_v15,it_context__principi_principles,it_context,it,ipa_word,0.0,principi,1,0,0,-2.5,
moss_v15,it_context__principi_princes,it_context,it,plain,0.0,principi,1,0,0,-2.0,
moss_v15,it_context__principi_princes,it_context,it,accent,0.0,principi,0,0,1,3.55,
moss_v15,it_context__principi_princes,it_context,it,ipa,0.362,principi,1,0,0,-1.02,
moss_v15,it_context__principi_princes,it_context,it,ipa_word,0.0,principi,0,0,1,5.73,
moss_v15,it_context__capitano_captain,it_context,it,plain,0.0,capitano,0,0,1,2.92,
moss_v15,it_context__capitano_captain,it_context,it,accent,0.0,capitano,0,0,1,4.39,
moss_v15,it_context__capitano_captain,it_context,it,ipa,0.097,capitano,0,0,1,0.14,
moss_v15,it_context__capitano_captain,it_context,it,ipa_word,0.0,capitano,0,0,1,3.72,
moss_v15,it_context__capitano_happen,it_context,it,plain,0.0,capitano,1,0,0,-1.56,
moss_v15,it_context__capitano_happen,it_context,it,accent,0.0,capitano,0,0,1,1.79,
moss_v15,it_context__capitano_happen,it_context,it,ipa,0.148,capitano,1,0,0,-2.89,
moss_v15,it_context__capitano_happen,it_context,it,ipa_word,0.0,capitano,0,0,1,1.35,
moss_v15,it_context__subito_soon,it_context,it,plain,0.0,subito,0,0,1,5.26,
moss_v15,it_context__subito_soon,it_context,it,accent,0.0,subito,0,0,1,3.56,
moss_v15,it_context__subito_soon,it_context,it,ipa,0.875,subito,1,0,0,-0.89,
moss_v15,it_context__subito_soon,it_context,it,ipa_word,0.0,subito,0,0,1,0.83,
moss_v15,it_context__subito_suffered,it_context,it,plain,0.0,subito,1,0,0,-2.06,
moss_v15,it_context__subito_suffered,it_context,it,accent,0.0,subito,0,0,1,3.92,
moss_v15,it_context__subito_suffered,it_context,it,ipa,0.357,subito,1,0,0,-0.8,
moss_v15,it_context__subito_suffered,it_context,it,ipa_word,0.0,subito,0,0,1,1.23,
moss_v15,it_solo__ancora_якорь,it_solo,it,plain,0.0,ancora,1,0,0,-3.79,
moss_v15,it_solo__ancora_якорь,it_solo,it,accent,0.0,ancora,0,0,1,0.16,
moss_v15,it_solo__ancora_якорь,it_solo,it,ipa,0.444,ancora,0,0,1,0.8,
moss_v15,it_solo__ancora_якорь,it_solo,it,ipa_word,0.167,ancora,1,0,0,-5.42,
moss_v15,it_solo__ancora_ещё,it_solo,it,plain,0.0,ancora,0,0,1,4.39,
moss_v15,it_solo__ancora_ещё,it_solo,it,accent,0.0,ancora,0,0,1,5.72,
moss_v15,it_solo__ancora_ещё,it_solo,it,ipa,0.444,ancora,0,0,1,4.24,
moss_v15,it_solo__ancora_ещё,it_solo,it,ipa_word,0.0,ancora,1,0,0,-4.88,
moss_v15,it_solo__principi_принцы,it_solo,it,plain,0.0,principi,1,0,0,-2.3,
moss_v15,it_solo__principi_принцы,it_solo,it,accent,0.0,principi,0,0,1,5.79,
moss_v15,it_solo__principi_принцы,it_solo,it,ipa,1.05,principi,0,0,1,0.25,
moss_v15,it_solo__principi_принцы,it_solo,it,ipa_word,0.0,principi,0,0,1,3.16,
moss_v15,it_solo__principi_принципы,it_solo,it,plain,0.85,principi,1,0,0,-2.45,
moss_v15,it_solo__principi_принципы,it_solo,it,accent,0.0,principi,0,0,1,3.96,
moss_v15,it_solo__principi_принципы,it_solo,it,ipa,0.25,principi,1,0,0,-2.52,
moss_v15,it_solo__principi_принципы,it_solo,it,ipa_word,0.6,principi,0,0,1,2.17,
moss_v15,it_solo__capitano_случаются,it_solo,it,plain,0.25,capitano,1,0,0,-2.55,
moss_v15,it_solo__capitano_случаются,it_solo,it,accent,0.5,capitano,1,0,0,-2.55,
moss_v15,it_solo__capitano_случаются,it_solo,it,ipa,0.55,capitano,1,0,0,-0.56,
moss_v15,it_solo__capitano_случаются,it_solo,it,ipa_word,0.0,capitano,1,0,0,-3.62,
moss_v15,it_solo__capitano_капитан,it_solo,it,plain,0.25,capitano,0,0,1,2.94,
moss_v15,it_solo__capitano_капитан,it_solo,it,accent,0.0,capitano,0,0,1,1.93,
moss_v15,it_solo__capitano_капитан,it_solo,it,ipa,1.5,capitano,0,0,1,3.63,
moss_v15,it_solo__capitano_капитан,it_solo,it,ipa_word,0.0,capitano,0,0,1,1.81,
moss_v15,it_solo__subito_сразу,it_solo,it,plain,0.0,subito,0,0,1,4.33,
moss_v15,it_solo__subito_сразу,it_solo,it,accent,0.0,subito,1,0,0,-1.87,
moss_v15,it_solo__subito_сразу,it_solo,it,ipa,0.389,subito,1,0,0,-4.23,
moss_v15,it_solo__subito_сразу,it_solo,it,ipa_word,0.0,subito,0,0,1,5.92,
moss_v15,it_solo__subito_пострадал,it_solo,it,plain,0.278,subito,1,0,0,-5.26,
moss_v15,it_solo__subito_пострадал,it_solo,it,accent,0.0,subito,0,0,1,1.76,
moss_v15,it_solo__subito_пострадал,it_solo,it,ipa,0.111,subito,1,0,0,-6.05,
moss_v15,it_solo__subito_пострадал,it_solo,it,ipa_word,0.278,subito,0,0,1,0.39,
moss_v15,it_solo__indice_указатель,it_solo,it,plain,0.0,indice,0,0,1,6.45,
moss_v15,it_solo__indice_указатель,it_solo,it,accent,0.056,indice,0,0,1,1.74,
moss_v15,it_solo__indice_указатель,it_solo,it,ipa,0.5,indice,1,0,0,-1.59,
moss_v15,it_solo__indice_указатель,it_solo,it,ipa_word,0.111,indice,0,0,1,1.73,
moss_v15,it_solo__arbitro_судья,it_solo,it,plain,0.158,arbitro,0,0,1,4.26,
moss_v15,it_solo__arbitro_судья,it_solo,it,accent,0.737,arbitro,0,0,1,4.73,
moss_v15,it_solo__arbitro_судья,it_solo,it,ipa,0.737,arbitro,0,0,1,0.34,
moss_v15,it_solo__arbitro_судья,it_solo,it,ipa_word,0.158,arbitro,0,0,1,5.54,
moss_v15,it_stress__telefonano,it_stress,it,plain,0.0,telefonano,1,0,0,-6.83,
moss_v15,it_stress__telefonano,it_stress,it,accent,0.0,telefonano,1,0,0,-0.19,
moss_v15,it_stress__telefonano,it_stress,it,ipa,0.227,telefonano,1,0,0,-4.89,
moss_v15,it_stress__telefonano,it_stress,it,ipa_word,0.727,telefonano,0,0,1,6.11,
moss_v15,it_stress__desiderano,it_stress,it,plain,0.0,desiderano,1,0,0,-0.82,
moss_v15,it_stress__desiderano,it_stress,it,accent,0.227,desiderano,0,0,1,3.49,
moss_v15,it_stress__desiderano,it_stress,it,ipa,0.455,desiderano,0,0,1,0.62,
moss_v15,it_stress__desiderano,it_stress,it,ipa_word,0.636,desiderano,0,0,1,0.63,
moss_v15,it_stress__capiscono,it_stress,it,plain,0.238,capiscono,0,0,1,3.91,
moss_v15,it_stress__capiscono,it_stress,it,accent,0.0,capiscono,0,0,1,1.8,
moss_v15,it_stress__capiscono,it_stress,it,ipa,0.19,capiscono,0,0,1,0.13,
moss_v15,it_stress__capiscono,it_stress,it,ipa_word,0.238,capiscono,0,0,1,0.55,
moss_v15,it_stress__scrivono,it_stress,it,plain,0.0,scrivono,0,0,1,0.22,
moss_v15,it_stress__scrivono,it_stress,it,accent,0.2,scrivono,0,0,1,4.52,
moss_v15,it_stress__scrivono,it_stress,it,ipa,0.1,scrivono,0,0,1,5.82,
moss_v15,it_stress__scrivono,it_stress,it,ipa_word,0.0,scrivono,1,0,0,-2.52,
moss_v15,it_stress__farmacia,it_stress,it,plain,0.0,farmacia,1,0,0,-0.54,
moss_v15,it_stress__farmacia,it_stress,it,accent,0.0,farmacia,0,0,1,3.14,
moss_v15,it_stress__farmacia,it_stress,it,ipa,0.7,farmacia,0,0,1,2.2,
moss_v15,it_stress__farmacia,it_stress,it,ipa_word,0.15,farmacia,1,0,0,-1.91,
moss_v15,it_stress__psicologia,it_stress,it,plain,0.0,psicologia,1,0,0,-1.16,
moss_v15,it_stress__psicologia,it_stress,it,accent,0.0,psicologia,0,0,1,0.48,
moss_v15,it_stress__psicologia,it_stress,it,ipa,0.409,psicologia,1,0,0,-3.8,
moss_v15,it_stress__psicologia,it_stress,it,ipa_word,0.136,psicologia,1,0,0,-2.54,
moss_v15,it_stress__brindisi,it_stress,it,plain,0.05,brindisi,1,0,0,-0.44,
moss_v15,it_stress__brindisi,it_stress,it,accent,0.0,brindisi,0,0,1,4.84,
moss_v15,it_stress__brindisi,it_stress,it,ipa,0.45,brindisi,1,0,0,-1.79,
moss_v15,it_stress__brindisi,it_stress,it,ipa_word,0.25,brindisi,0,0,1,0.67,
moss_v15,it_stress__zucchero,it_stress,it,plain,0.0,zucchero,0,0,1,5.7,
moss_v15,it_stress__zucchero,it_stress,it,accent,0.4,zucchero,0,0,1,4.05,
moss_v15,it_stress__zucchero,it_stress,it,ipa,0.3,zucchero,1,0,0,-0.5,
moss_v15,it_stress__zucchero,it_stress,it,ipa_word,0.2,zucchero,1,0,0,-5.65,
moss_v15,it_stress__tavolo,it_stress,it,plain,0.278,tavolo,0,0,1,6.28,
moss_v15,it_stress__tavolo,it_stress,it,accent,0.0,tavolo,0,0,1,0.4,
moss_v15,it_stress__tavolo,it_stress,it,ipa,0.444,tavolo,1,0,0,-0.48,
moss_v15,it_stress__tavolo,it_stress,it,ipa_word,0.278,tavolo,0,0,1,2.96,
moss_v15,it_stress__piroscafo,it_stress,it,plain,0.0,piroscafo,0,0,1,4.41,
moss_v15,it_stress__piroscafo,it_stress,it,accent,0.048,piroscafo,0,0,1,4.66,
moss_v15,it_stress__piroscafo,it_stress,it,ipa,0.524,piroscafo,0,0,1,0.5,
moss_v15,it_stress__piroscafo,it_stress,it,ipa_word,0.238,piroscafo,0,0,1,6.04,
moss_v15,it_stress__leggere,it_stress,it,plain,0.0,leggere,1,0,0,-2.31,
moss_v15,it_stress__leggere,it_stress,it,accent,0.842,leggere,0,0,1,0.81,
moss_v15,it_stress__leggere,it_stress,it,ipa,0.526,leggere,1,0,0,-2.78,
moss_v15,it_stress__leggere,it_stress,it,ipa_word,0.263,leggere,0,0,1,2.12,
moss_v15,it_stress__leggere_2,it_stress,it,plain,0.0,leggere,1,0,0,-0.33,
moss_v15,it_stress__leggere_2,it_stress,it,accent,0.0,leggere,0,0,1,0.46,
moss_v15,it_stress__leggere_2,it_stress,it,ipa,0.842,leggere,1,0,0,-0.36,
moss_v15,it_stress__leggere_2,it_stress,it,ipa_word,0.0,leggere,0,0,1,3.82,
moss_v15,it_gem__caro_carro__caro,it_gem,it,plain,0.188,caro,,single,,0.5,
moss_v15,it_gem__caro_carro__caro,it_gem,it,accent,0.0,caro,,single,,0.5,
moss_v15,it_gem__caro_carro__caro,it_gem,it,ipa,0.438,caro,,single,,0.667,
moss_v15,it_gem__caro_carro__caro,it_gem,it,ipa_len,0.562,caro,,single,,0.667,
moss_v15,it_gem__caro_carro__caro,it_gem,it,ipa_word,0.0,caro,,single,,0.625,
moss_v15,it_gem__caro_carro__caro,it_gem,it,ipa_len_word,0.0,caro,,single,,1.0,
moss_v15,it_gem__caro_carro__carro,it_gem,it,plain,0.0,carro,,double,,1.0,
moss_v15,it_gem__caro_carro__carro,it_gem,it,accent,0.0,carro,,double,,1.667,
moss_v15,it_gem__caro_carro__carro,it_gem,it,ipa,0.882,carro,,double,,5.667,
moss_v15,it_gem__caro_carro__carro,it_gem,it,ipa_len,2.294,carro,,double,,1.571,
moss_v15,it_gem__caro_carro__carro,it_gem,it,ipa_word,0.059,carro,,double,,5.0,
moss_v15,it_gem__caro_carro__carro,it_gem,it,ipa_len_word,0.118,carro,,double,,0.429,
moss_v15,it_gem__pala_palla__pala,it_gem,it,plain,0.562,pala,,single,,0.667,
moss_v15,it_gem__pala_palla__pala,it_gem,it,accent,0.438,pala,,single,,0.75,
moss_v15,it_gem__pala_palla__pala,it_gem,it,ipa,0.438,pala,,single,,0.667,
moss_v15,it_gem__pala_palla__pala,it_gem,it,ipa_len,0.875,pala,,single,,0.375,
moss_v15,it_gem__pala_palla__pala,it_gem,it,ipa_word,0.0,pala,,single,,0.625,
moss_v15,it_gem__pala_palla__pala,it_gem,it,ipa_len_word,0.0,pala,,single,,0.667,
moss_v15,it_gem__pala_palla__palla,it_gem,it,plain,0.059,palla,,double,,2.5,
moss_v15,it_gem__pala_palla__palla,it_gem,it,accent,0.353,palla,,double,,1.0,
moss_v15,it_gem__pala_palla__palla,it_gem,it,ipa,0.706,palla,,double,,2.25,
moss_v15,it_gem__pala_palla__palla,it_gem,it,ipa_len,1.353,palla,,double,,1.8,
moss_v15,it_gem__pala_palla__palla,it_gem,it,ipa_word,0.0,palla,,double,,1.25,
moss_v15,it_gem__pala_palla__palla,it_gem,it,ipa_len_word,0.059,palla,,double,,1.667,
moss_v15,it_gem__sete_sette__sete,it_gem,it,plain,0.312,sete,,single,,0.429,
moss_v15,it_gem__sete_sette__sete,it_gem,it,accent,0.25,sete,,single,,0.5,
moss_v15,it_gem__sete_sette__sete,it_gem,it,ipa,1.188,sete,,single,,1.0,
moss_v15,it_gem__sete_sette__sete,it_gem,it,ipa_len,0.562,sete,,single,,1.6,
moss_v15,it_gem__sete_sette__sete,it_gem,it,ipa_word,0.0,sete,,single,,0.75,
moss_v15,it_gem__sete_sette__sete,it_gem,it,ipa_len_word,0.125,sete,,single,,0.857,
moss_v15,it_gem__sete_sette__sette,it_gem,it,plain,0.294,sette,,double,,1.6,
moss_v15,it_gem__sete_sette__sette,it_gem,it,accent,0.941,sette,,double,,1.321,
moss_v15,it_gem__sete_sette__sette,it_gem,it,ipa,0.647,sette,,double,,2.0,
moss_v15,it_gem__sete_sette__sette,it_gem,it,ipa_len,1.294,sette,,double,,1.6,
moss_v15,it_gem__sete_sette__sette,it_gem,it,ipa_word,0.0,sette,,double,,3.333,
moss_v15,it_gem__sete_sette__sette,it_gem,it,ipa_len_word,0.588,sette,,double,,2.5,
moss_v15,it_gem__capello_cappello__capello,it_gem,it,plain,0.0,capello,,single,,1.0,
moss_v15,it_gem__capello_cappello__capello,it_gem,it,accent,0.0,capello,,single,,0.75,
moss_v15,it_gem__capello_cappello__capello,it_gem,it,ipa,0.211,capello,,single,,3.333,
moss_v15,it_gem__capello_cappello__capello,it_gem,it,ipa_len,0.316,capello,,single,,1.25,
moss_v15,it_gem__capello_cappello__capello,it_gem,it,ipa_word,0.105,capello,,single,,0.375,
moss_v15,it_gem__capello_cappello__capello,it_gem,it,ipa_len_word,0.053,capello,,single,,0.8,
moss_v15,it_gem__capello_cappello__cappello,it_gem,it,plain,0.0,cappello,,double,,2.0,
moss_v15,it_gem__capello_cappello__cappello,it_gem,it,accent,0.0,cappello,,double,,4.5,
moss_v15,it_gem__capello_cappello__cappello,it_gem,it,ipa,0.35,cappello,,double,,3.5,
moss_v15,it_gem__capello_cappello__cappello,it_gem,it,ipa_len,0.7,cappello,,double,,3.25,
moss_v15,it_gem__capello_cappello__cappello,it_gem,it,ipa_word,0.2,cappello,,double,,3.833,
moss_v15,it_gem__capello_cappello__cappello,it_gem,it,ipa_len_word,0.55,cappello,,double,,2.667,
moss_v15,it_gem__fato_fatto__fato,it_gem,it,plain,0.188,fato,,single,,0.857,
moss_v15,it_gem__fato_fatto__fato,it_gem,it,accent,0.0,fato,,single,,0.7,
moss_v15,it_gem__fato_fatto__fato,it_gem,it,ipa,0.375,fato,,single,,0.889,
moss_v15,it_gem__fato_fatto__fato,it_gem,it,ipa_len,0.812,fato,,single,,1.125,
moss_v15,it_gem__fato_fatto__fato,it_gem,it,ipa_word,0.062,fato,,single,,0.583,
moss_v15,it_gem__fato_fatto__fato,it_gem,it,ipa_len_word,0.0,fato,,single,,0.5,
moss_v15,it_gem__fato_fatto__fatto,it_gem,it,plain,0.0,fatto,,double,,2.5,
moss_v15,it_gem__fato_fatto__fatto,it_gem,it,accent,0.0,fatto,,double,,1.6,
moss_v15,it_gem__fato_fatto__fatto,it_gem,it,ipa,0.706,fatto,,double,,5.2,
moss_v15,it_gem__fato_fatto__fatto,it_gem,it,ipa_len,0.529,fatto,,double,,2.5,
moss_v15,it_gem__fato_fatto__fatto,it_gem,it,ipa_word,0.118,fatto,,double,,3.0,
moss_v15,it_gem__fato_fatto__fatto,it_gem,it,ipa_len_word,0.353,fatto,,double,,3.2,
moss_v15,it_gem__papa_pappa__papa,it_gem,it,plain,0.312,papa,,single,,0.857,
moss_v15,it_gem__papa_pappa__papa,it_gem,it,accent,0.062,papa,,single,,0.8,
moss_v15,it_gem__papa_pappa__papa,it_gem,it,ipa,0.625,papa,,single,,34.2,
moss_v15,it_gem__papa_pappa__papa,it_gem,it,ipa_len,0.688,papa,,single,,3.417,
moss_v15,it_gem__papa_pappa__papa,it_gem,it,ipa_word,0.062,papa,,single,,1.143,
moss_v15,it_gem__papa_pappa__papa,it_gem,it,ipa_len_word,0.0,papa,,single,,0.875,
moss_v15,it_gem__papa_pappa__pappa,it_gem,it,plain,0.0,pappa,,double,,1.25,
moss_v15,it_gem__papa_pappa__pappa,it_gem,it,accent,0.882,pappa,,double,,2.878,
moss_v15,it_gem__papa_pappa__pappa,it_gem,it,ipa,0.706,pappa,,double,,4.25,
moss_v15,it_gem__papa_pappa__pappa,it_gem,it,ipa_len,0.824,pappa,,double,,2.167,
moss_v15,it_gem__papa_pappa__pappa,it_gem,it,ipa_word,0.059,pappa,,double,,1.8,
moss_v15,it_gem__papa_pappa__pappa,it_gem,it,ipa_len_word,0.059,pappa,,double,,1.571,
moss_v15,it_gem__nono_nonno__nono,it_gem,it,plain,0.0,nono,,single,,0.75,
moss_v15,it_gem__nono_nonno__nono,it_gem,it,accent,0.0,nono,,single,,0.571,
moss_v15,it_gem__nono_nonno__nono,it_gem,it,ipa,0.938,nono,,single,,1.5,
moss_v15,it_gem__nono_nonno__nono,it_gem,it,ipa_len,0.25,nono,,single,,0.444,
moss_v15,it_gem__nono_nonno__nono,it_gem,it,ipa_word,0.062,nono,,single,,0.385,
moss_v15,it_gem__nono_nonno__nono,it_gem,it,ipa_len_word,0.0,nono,,single,,0.444,
moss_v15,it_gem__nono_nonno__nonno,it_gem,it,plain,0.0,nonno,,double,,1.5,
moss_v15,it_gem__nono_nonno__nonno,it_gem,it,accent,0.647,nonno,,double,,1.375,
moss_v15,it_gem__nono_nonno__nonno,it_gem,it,ipa,0.118,nonno,,double,,1.667,
moss_v15,it_gem__nono_nonno__nonno,it_gem,it,ipa_len,0.353,nonno,,double,,4.5,
moss_v15,it_gem__nono_nonno__nonno,it_gem,it,ipa_word,0.0,nonno,,double,,1.333,
moss_v15,it_gem__nono_nonno__nonno,it_gem,it,ipa_len_word,0.118,nonno,,double,,2.333,
moss_v15,ru__zamok_castle,ru,ru,plain,0.0,замок,0,0,1,6.0,
moss_v15,ru__zamok_castle,ru,ru,accent,0.0,замок,0,0,1,2.0,
moss_v15,ru__zamok_castle,ru,ru,ipa_word,0.0,замок,0,0,1,6.0,
moss_v15,ru__zamok_castle,ru,ru,clone,0.0,замок,0,0,1,2.0,
moss_v15,ru__zamok_lock,ru,ru,plain,0.0,замок,0,0,1,0.0,
moss_v15,ru__zamok_lock,ru,ru,accent,0.0,замок,0,0,1,2.0,
moss_v15,ru__zamok_lock,ru,ru,ipa_word,0.312,замок,0,0,1,2.0,
moss_v15,ru__zamok_lock,ru,ru,clone,0.0,замок,1,0,0,-2.0,
moss_v15,ru__plachu_cry,ru,ru,plain,0.0,плачу,0,0,1,6.0,
moss_v15,ru__plachu_cry,ru,ru,accent,0.0,плачу,0,0,1,2.0,
moss_v15,ru__plachu_cry,ru,ru,ipa_word,0.233,плачу,0,0,1,4.0,
moss_v15,ru__plachu_cry,ru,ru,clone,0.0,плачу,0,0,1,2.0,
moss_v15,ru__plachu_pay,ru,ru,plain,0.0,плачу,1,0,0,-6.0,
moss_v15,ru__plachu_pay,ru,ru,accent,0.0,плачу,1,0,0,-2.0,
moss_v15,ru__plachu_pay,ru,ru,ipa_word,1.0,плачу,1,0,0,-6.0,
moss_v15,ru__plachu_pay,ru,ru,clone,0.0,плачу,1,0,0,-6.0,
moss_v15,ru__muka_pain,ru,ru,plain,0.0,мука,0,0,1,2.0,
moss_v15,ru__muka_pain,ru,ru,accent,0.0,мука,1,0,0,-6.0,
moss_v15,ru__muka_pain,ru,ru,ipa_word,0.043,мука,0,0,1,6.0,
moss_v15,ru__muka_pain,ru,ru,clone,0.0,мука,1,0,0,-4.0,
moss_v15,ru__muka_flour,ru,ru,plain,0.0,муку,0,0,1,2.0,
moss_v15,ru__muka_flour,ru,ru,accent,0.0,муку,1,0,0,-2.0,
moss_v15,ru__muka_flour,ru,ru,ipa_word,0.0,муку,0,0,1,2.0,
moss_v15,ru__muka_flour,ru,ru,clone,0.0,муку,1,0,0,-2.0,
piper,it_context__ancora_ancora,it_context,it,plain,0.0,ancora,1,0,0,-0.29,
piper,it_context__ancora_ancora,it_context,it,accent,0.0,ancora,0,0,1,1.42,
piper,it_context__ancora_ancora,it_context,it,ipa,0.0,ancora,0,0,1,2.77,
piper,it_context__ancora_ancora2,it_context,it,plain,0.032,ancora,,,,,не выровнялось
piper,it_context__ancora_ancora2,it_context,it,accent,0.258,ancora,,,,,не выровнялось
piper,it_context__ancora_ancora2,it_context,it,ipa,0.0,ancora,,,,,не выровнялось
piper,it_context__principi_principles,it_context,it,plain,0.0,principi,0,0,1,1.21,
piper,it_context__principi_principles,it_context,it,accent,0.0,principi,0,0,1,1.89,
piper,it_context__principi_principles,it_context,it,ipa,0.0,principi,0,0,1,5.81,
piper,it_context__principi_princes,it_context,it,plain,0.0,principi,0,0,1,1.14,
piper,it_context__principi_princes,it_context,it,accent,0.0,principi,1,0,0,-2.06,
piper,it_context__principi_princes,it_context,it,ipa,0.043,principi,0,0,1,3.75,
piper,it_context__capitano_captain,it_context,it,plain,0.0,capitano,0,0,1,4.31,
piper,it_context__capitano_captain,it_context,it,accent,0.0,capitano,0,0,1,3.0,
piper,it_context__capitano_captain,it_context,it,ipa,0.0,capitano,1,0,0,-3.66,
piper,it_context__capitano_happen,it_context,it,plain,0.0,capitano,0,0,1,1.53,
piper,it_context__capitano_happen,it_context,it,accent,0.0,capitano,0,0,1,0.66,
piper,it_context__capitano_happen,it_context,it,ipa,0.0,capitano,1,0,0,-3.18,
piper,it_context__subito_soon,it_context,it,plain,0.0,subito,0,0,1,0.58,
piper,it_context__subito_soon,it_context,it,accent,0.0,subito,1,0,0,-1.28,
piper,it_context__subito_soon,it_context,it,ipa,0.0,subito,0,0,1,0.46,
piper,it_context__subito_suffered,it_context,it,plain,0.036,subito,0,0,1,2.81,
piper,it_context__subito_suffered,it_context,it,accent,0.036,subito,1,0,0,-1.69,
piper,it_context__subito_suffered,it_context,it,ipa,0.0,subito,1,0,0,-0.45,
piper,it_solo__ancora_якорь,it_solo,it,plain,0.0,ancora,1,0,0,-4.55,
piper,it_solo__ancora_якорь,it_solo,it,accent,0.0,ancora,1,0,0,-3.67,
piper,it_solo__ancora_якорь,it_solo,it,ipa,0.0,ancora,1,0,0,-0.72,
piper,it_solo__ancora_ещё,it_solo,it,plain,0.0,ancora,0,0,1,4.34,
piper,it_solo__ancora_ещё,it_solo,it,accent,0.0,ancora,0,0,1,1.09,
piper,it_solo__ancora_ещё,it_solo,it,ipa,0.0,ancora,0,0,1,3.97,
piper,it_solo__principi_принцы,it_solo,it,plain,0.0,principi,0,0,1,2.65,
piper,it_solo__principi_принцы,it_solo,it,accent,0.0,principi,0,0,1,5.83,
piper,it_solo__principi_принцы,it_solo,it,ipa,0.05,principi,0,0,1,3.76,
piper,it_solo__principi_принципы,it_solo,it,plain,0.35,principi,1,0,0,-3.58,
piper,it_solo__principi_принципы,it_solo,it,accent,0.05,principi,0,0,1,4.83,
piper,it_solo__principi_принципы,it_solo,it,ipa,0.0,principi,0,0,1,3.66,
piper,it_solo__capitano_случаются,it_solo,it,plain,0.0,capitano,1,0,0,-3.14,
piper,it_solo__capitano_случаются,it_solo,it,accent,0.0,capitano,1,0,0,-1.16,
piper,it_solo__capitano_случаются,it_solo,it,ipa,0.0,capitano,0,0,1,0.77,
piper,it_solo__capitano_капитан,it_solo,it,plain,0.0,capitano,0,0,1,4.53,
piper,it_solo__capitano_капитан,it_solo,it,accent,0.05,capitano,1,0,0,-0.99,
piper,it_solo__capitano_капитан,it_solo,it,ipa,0.0,capitano,0,0,1,0.48,
piper,it_solo__subito_сразу,it_solo,it,plain,0.0,subito,1,0,0,-0.55,
piper,it_solo__subito_сразу,it_solo,it,accent,0.0,subito,0,0,1,3.48,
piper,it_solo__subito_сразу,it_solo,it,ipa,0.0,subito,0,0,1,2.47,
piper,it_solo__subito_пострадал,it_solo,it,plain,0.0,subito,1,0,0,-1.88,
piper,it_solo__subito_пострадал,it_solo,it,accent,0.0,subito,1,0,0,-0.86,
piper,it_solo__subito_пострадал,it_solo,it,ipa,0.0,subito,0,0,1,1.66,
piper,it_solo__indice_указатель,it_solo,it,plain,0.0,indice,1,0,0,-1.65,
piper,it_solo__indice_указатель,it_solo,it,accent,0.389,indice,0,0,1,0.11,
piper,it_solo__indice_указатель,it_solo,it,ipa,0.0,indice,1,0,0,-0.59,
piper,it_solo__arbitro_судья,it_solo,it,plain,0.0,arbitro,1,0,0,-0.73,
piper,it_solo__arbitro_судья,it_solo,it,accent,0.105,arbitro,1,0,0,-1.4,
piper,it_solo__arbitro_судья,it_solo,it,ipa,0.0,arbitro,1,0,0,-2.65,
piper,it_stress__telefonano,it_stress,it,plain,0.0,telefonano,1,0,0,-0.54,
piper,it_stress__telefonano,it_stress,it,accent,0.227,telefonano,1,0,0,-1.32,
piper,it_stress__telefonano,it_stress,it,ipa,0.227,telefonano,1,0,0,-2.53,
piper,it_stress__desiderano,it_stress,it,plain,0.0,desiderano,0,0,1,0.49,
piper,it_stress__desiderano,it_stress,it,accent,0.0,desiderano,0,0,1,1.16,
piper,it_stress__desiderano,it_stress,it,ipa,0.0,desiderano,1,0,0,-1.22,
piper,it_stress__capiscono,it_stress,it,plain,0.0,capiscono,0,0,1,0.94,
piper,it_stress__capiscono,it_stress,it,accent,0.0,capiscono,0,0,1,1.88,
piper,it_stress__capiscono,it_stress,it,ipa,0.143,capiscono,0,0,1,1.52,
piper,it_stress__scrivono,it_stress,it,plain,0.1,scrivono,0,0,1,3.97,
piper,it_stress__scrivono,it_stress,it,accent,0.25,scrivono,0,0,1,4.32,
piper,it_stress__scrivono,it_stress,it,ipa,0.1,scrivono,0,0,1,3.7,
piper,it_stress__farmacia,it_stress,it,plain,0.0,farmacia,0,0,1,4.69,
piper,it_stress__farmacia,it_stress,it,accent,0.0,farmacia,0,0,1,3.41,
piper,it_stress__farmacia,it_stress,it,ipa,0.0,farmacia,0,0,1,3.9,
piper,it_stress__psicologia,it_stress,it,plain,0.0,psicologia,0,0,1,1.73,
piper,it_stress__psicologia,it_stress,it,accent,0.0,psicologia,0,0,1,0.21,
piper,it_stress__psicologia,it_stress,it,ipa,0.0,psicologia,1,0,0,-1.74,
piper,it_stress__brindisi,it_stress,it,plain,0.05,brindisi,0,0,1,2.92,
piper,it_stress__brindisi,it_stress,it,accent,0.05,brindisi,0,0,1,4.23,
piper,it_stress__brindisi,it_stress,it,ipa,0.0,brindisi,0,0,1,0.47,
piper,it_stress__zucchero,it_stress,it,plain,0.0,zucchero,0,0,1,0.45,
piper,it_stress__zucchero,it_stress,it,accent,0.0,zucchero,0,0,1,1.44,
piper,it_stress__zucchero,it_stress,it,ipa,0.0,zucchero,1,0,0,-2.5,
piper,it_stress__tavolo,it_stress,it,plain,0.0,tavolo,0,0,1,3.55,
piper,it_stress__tavolo,it_stress,it,accent,0.0,tavolo,0,0,1,3.58,
piper,it_stress__tavolo,it_stress,it,ipa,0.111,tavolo,0,0,1,3.73,
piper,it_stress__piroscafo,it_stress,it,plain,0.238,piroscafo,1,0,0,-0.29,
piper,it_stress__piroscafo,it_stress,it,accent,0.19,piroscafo,1,0,0,-1.7,
piper,it_stress__piroscafo,it_stress,it,ipa,0.0,piroscafo,1,0,0,-1.59,
piper,it_stress__leggere,it_stress,it,plain,0.0,leggere,0,0,1,1.76,
piper,it_stress__leggere,it_stress,it,accent,0.0,leggere,0,0,1,1.69,
piper,it_stress__leggere,it_stress,it,ipa,0.0,leggere,1,0,0,-0.63,
piper,it_stress__leggere_2,it_stress,it,plain,0.0,leggere,1,0,0,-2.04,
piper,it_stress__leggere_2,it_stress,it,accent,0.105,leggere,1,0,0,-2.36,
piper,it_stress__leggere_2,it_stress,it,ipa,0.0,leggere,1,0,0,-2.67,
piper,it_gem__caro_carro__caro,it_gem,it,plain,0.0,caro,,single,,0.667,
piper,it_gem__caro_carro__caro,it_gem,it,accent,0.0,caro,,single,,0.333,
piper,it_gem__caro_carro__caro,it_gem,it,ipa,0.0,caro,,single,,0.667,
piper,it_gem__caro_carro__caro,it_gem,it,ipa_len,0.0,caro,,single,,0.667,
piper,it_gem__caro_carro__carro,it_gem,it,plain,0.0,carro,,double,,1.5,
piper,it_gem__caro_carro__carro,it_gem,it,accent,0.0,carro,,double,,1.5,
piper,it_gem__caro_carro__carro,it_gem,it,ipa,0.059,carro,,double,,2.0,
piper,it_gem__caro_carro__carro,it_gem,it,ipa_len,0.059,carro,,double,,1.0,
piper,it_gem__pala_palla__pala,it_gem,it,plain,0.0,pala,,single,,0.5,
piper,it_gem__pala_palla__pala,it_gem,it,accent,0.0,pala,,single,,0.5,
piper,it_gem__pala_palla__pala,it_gem,it,ipa,0.062,pala,,single,,0.5,
piper,it_gem__pala_palla__pala,it_gem,it,ipa_len,0.0,pala,,single,,0.667,
piper,it_gem__pala_palla__palla,it_gem,it,plain,0.0,palla,,double,,2.0,
piper,it_gem__pala_palla__palla,it_gem,it,accent,0.0,palla,,double,,2.0,
piper,it_gem__pala_palla__palla,it_gem,it,ipa,0.0,palla,,double,,2.0,
piper,it_gem__pala_palla__palla,it_gem,it,ipa_len,0.118,palla,,double,,2.0,
piper,it_gem__sete_sette__sete,it_gem,it,plain,0.375,sete,,single,,0.667,
piper,it_gem__sete_sette__sete,it_gem,it,accent,0.375,sete,,single,,0.5,
piper,it_gem__sete_sette__sete,it_gem,it,ipa,0.5,sete,,single,,0.2,
piper,it_gem__sete_sette__sete,it_gem,it,ipa_len,0.375,sete,,single,,1.0,
piper,it_gem__sete_sette__sette,it_gem,it,plain,0.294,sette,,double,,2.5,
piper,it_gem__sete_sette__sette,it_gem,it,accent,0.0,sette,,double,,2.5,
piper,it_gem__sete_sette__sette,it_gem,it,ipa,0.235,sette,,double,,2.5,
piper,it_gem__sete_sette__sette,it_gem,it,ipa_len,0.294,sette,,double,,2.5,
piper,it_gem__capello_cappello__capello,it_gem,it,plain,0.0,capello,,single,,0.5,
piper,it_gem__capello_cappello__capello,it_gem,it,accent,0.0,capello,,single,,0.75,
piper,it_gem__capello_cappello__capello,it_gem,it,ipa,0.053,capello,,single,,0.5,
piper,it_gem__capello_cappello__capello,it_gem,it,ipa_len,0.053,capello,,single,,0.75,
piper,it_gem__capello_cappello__cappello,it_gem,it,plain,0.1,cappello,,double,,3.0,
piper,it_gem__capello_cappello__cappello,it_gem,it,accent,0.0,cappello,,double,,3.0,
piper,it_gem__capello_cappello__cappello,it_gem,it,ipa,0.0,cappello,,double,,6.0,
piper,it_gem__capello_cappello__cappello,it_gem,it,ipa_len,0.15,cappello,,double,,2.5,
piper,it_gem__fato_fatto__fato,it_gem,it,plain,0.062,fato,,single,,0.5,
piper,it_gem__fato_fatto__fato,it_gem,it,accent,0.062,fato,,single,,0.5,
piper,it_gem__fato_fatto__fato,it_gem,it,ipa,0.25,fato,,single,,0.5,
piper,it_gem__fato_fatto__fato,it_gem,it,ipa_len,0.062,fato,,single,,0.25,
piper,it_gem__fato_fatto__fatto,it_gem,it,plain,0.0,fatto,,double,,1.333,
piper,it_gem__fato_fatto__fatto,it_gem,it,accent,0.176,fatto,,double,,2.0,
piper,it_gem__fato_fatto__fatto,it_gem,it,ipa,0.0,fatto,,double,,2.5,
piper,it_gem__fato_fatto__fatto,it_gem,it,ipa_len,0.176,fatto,,double,,2.0,
piper,it_gem__papa_pappa__papa,it_gem,it,plain,0.0,papa,,single,,1.0,
piper,it_gem__papa_pappa__papa,it_gem,it,accent,0.0,papa,,single,,1.0,
piper,it_gem__papa_pappa__papa,it_gem,it,ipa,0.0,papa,,single,,0.5,
piper,it_gem__papa_pappa__papa,it_gem,it,ipa_len,0.0,papa,,single,,1.0,
piper,it_gem__papa_pappa__pappa,it_gem,it,plain,0.059,pappa,,double,,2.5,
piper,it_gem__papa_pappa__pappa,it_gem,it,accent,0.0,pappa,,double,,6.0,
piper,it_gem__papa_pappa__pappa,it_gem,it,ipa,0.0,pappa,,double,,2.5,
piper,it_gem__papa_pappa__pappa,it_gem,it,ipa_len,0.176,pappa,,double,,2.5,
piper,it_gem__nono_nonno__nono,it_gem,it,plain,0.062,nono,,single,,0.333,
piper,it_gem__nono_nonno__nono,it_gem,it,accent,0.062,nono,,single,,1.0,
piper,it_gem__nono_nonno__nono,it_gem,it,ipa,0.062,nono,,single,,0.333,
piper,it_gem__nono_nonno__nono,it_gem,it,ipa_len,0.062,nono,,single,,1.0,
piper,it_gem__nono_nonno__nonno,it_gem,it,plain,0.0,nonno,,double,,2.0,
piper,it_gem__nono_nonno__nonno,it_gem,it,accent,0.0,nonno,,double,,2.0,
piper,it_gem__nono_nonno__nonno,it_gem,it,ipa,0.0,nonno,,double,,4.0,
piper,it_gem__nono_nonno__nonno,it_gem,it,ipa_len,0.059,nonno,,double,,1.5,
piper,ru__zamok_castle,ru,ru,plain,0.0,замок,0,0,1,2.0,
piper,ru__zamok_castle,ru,ru,accent,0.0,замок,0,0,1,6.0,
piper,ru__zamok_castle,ru,ru,ipa,0.0,замок,0,0,1,6.0,
piper,ru__zamok_lock,ru,ru,plain,0.0,замок,1,0,0,-2.0,
piper,ru__zamok_lock,ru,ru,accent,0.0,замок,1,0,0,-2.0,
piper,ru__zamok_lock,ru,ru,ipa,0.0,замок,1,0,0,-2.0,
piper,ru__plachu_cry,ru,ru,plain,0.0,плачу,0,0,1,6.0,
piper,ru__plachu_cry,ru,ru,accent,0.0,плачу,0,0,1,2.0,
piper,ru__plachu_cry,ru,ru,ipa,0.067,плачу,0,0,1,4.0,
piper,ru__plachu_pay,ru,ru,plain,0.0,плачу,1,0,0,-6.0,
piper,ru__plachu_pay,ru,ru,accent,0.0,плачу,1,0,0,-2.0,
piper,ru__plachu_pay,ru,ru,ipa,0.0,плачу,1,0,0,-6.0,
piper,ru__muka_pain,ru,ru,plain,0.0,мука,0,0,1,2.0,
piper,ru__muka_pain,ru,ru,accent,0.0,мука,1,0,0,-2.0,
piper,ru__muka_pain,ru,ru,ipa,0.0,мука,0,0,1,0.0,
piper,ru__muka_flour,ru,ru,plain,0.053,муку,0,0,1,2.0,
piper,ru__muka_flour,ru,ru,accent,0.105,муку,0,0,1,6.0,
piper,ru__muka_flour,ru,ru,ipa,0.0,муку,0,0,1,2.0,
qwen3_clone,it_context__ancora_ancora,it_context,it,plain,0.0,ancora,0,0,1,4.88,
qwen3_clone,it_context__ancora_ancora,it_context,it,accent,0.0,ancora,0,0,1,5.67,
qwen3_clone,it_context__ancora_ancora2,it_context,it,plain,0.0,ancora,,,,,не выровнялось
qwen3_clone,it_context__ancora_ancora2,it_context,it,accent,0.0,ancora,,,,,не выровнялось
qwen3_clone,it_context__principi_principles,it_context,it,plain,0.0,principi,1,0,0,-0.33,
qwen3_clone,it_context__principi_principles,it_context,it,accent,0.0,principi,0,0,1,0.79,
qwen3_clone,it_context__principi_princes,it_context,it,plain,0.0,principi,0,0,1,2.52,
qwen3_clone,it_context__principi_princes,it_context,it,accent,0.0,principi,0,0,1,2.91,
qwen3_clone,it_context__capitano_captain,it_context,it,plain,0.0,capitano,0,0,1,4.9,
qwen3_clone,it_context__capitano_captain,it_context,it,accent,0.0,capitano,0,0,1,3.42,
qwen3_clone,it_context__capitano_happen,it_context,it,plain,0.0,capitano,1,0,0,-3.44,
qwen3_clone,it_context__capitano_happen,it_context,it,accent,0.0,capitano,0,0,1,1.16,
qwen3_clone,it_context__subito_soon,it_context,it,plain,0.0,subito,0,0,1,5.3,
qwen3_clone,it_context__subito_soon,it_context,it,accent,0.0,subito,0,0,1,3.47,
qwen3_clone,it_context__subito_suffered,it_context,it,plain,0.0,subito,1,0,0,-4.1,
qwen3_clone,it_context__subito_suffered,it_context,it,accent,0.0,subito,0,0,1,3.66,
qwen3_clone,ru__zamok_castle,ru,ru,plain,0.0,замок,0,0,1,2.0,
qwen3_clone,ru__zamok_castle,ru,ru,accent,0.062,замок,0,0,1,6.0,
qwen3_clone,ru__zamok_lock,ru,ru,plain,0.0,замок,1,0,0,-6.0,
qwen3_clone,ru__zamok_lock,ru,ru,accent,0.125,замок,1,0,0,-2.0,
qwen3_clone,ru__plachu_cry,ru,ru,plain,0.0,плачу,0,0,1,0.0,
qwen3_clone,ru__plachu_cry,ru,ru,accent,0.067,плачу,1,0,0,-2.0,
qwen3_clone,ru__plachu_pay,ru,ru,plain,0.0,плачу,0,0,1,2.0,
qwen3_clone,ru__plachu_pay,ru,ru,accent,0.133,плачу,0,0,1,2.0,
qwen3_clone,ru__muka_pain,ru,ru,plain,0.0,мука,0,0,1,0.0,
qwen3_clone,ru__muka_pain,ru,ru,accent,0.043,мука,0,0,1,2.0,
qwen3_clone,ru__muka_flour,ru,ru,plain,0.0,муку,1,0,0,-6.0,
qwen3_clone,ru__muka_flour,ru,ru,accent,0.053,муку,0,0,1,6.0,
qwen3_voice,it_context__ancora_ancora,it_context,it,plain,0.0,ancora,0,0,1,6.13,
qwen3_voice,it_context__ancora_ancora,it_context,it,accent,0.0,ancora,0,0,1,0.59,
qwen3_voice,it_context__ancora_ancora2,it_context,it,plain,1.387,ancora,,,,,не выровнялось
qwen3_voice,it_context__ancora_ancora2,it_context,it,accent,0.0,ancora,,,,,не выровнялось
qwen3_voice,it_context__principi_principles,it_context,it,plain,0.0,principi,1,0,0,-3.66,
qwen3_voice,it_context__principi_principles,it_context,it,accent,0.0,principi,0,0,1,1.72,
qwen3_voice,it_context__principi_princes,it_context,it,plain,0.0,principi,0,0,1,3.75,
qwen3_voice,it_context__principi_princes,it_context,it,accent,0.021,principi,0,0,1,4.1,
qwen3_voice,it_context__capitano_captain,it_context,it,plain,44.903,capitano,0,0,1,5.83,
qwen3_voice,it_context__capitano_captain,it_context,it,accent,0.0,capitano,0,0,1,3.18,
qwen3_voice,it_context__capitano_happen,it_context,it,plain,0.0,capitano,0,0,1,0.83,
qwen3_voice,it_context__capitano_happen,it_context,it,accent,0.0,capitano,1,0,0,-1.72,
qwen3_voice,it_context__subito_soon,it_context,it,plain,0.0,subito,0,0,1,5.92,
qwen3_voice,it_context__subito_soon,it_context,it,accent,0.0,subito,0,0,1,5.1,
qwen3_voice,it_context__subito_suffered,it_context,it,plain,0.0,subito,1,0,0,-2.01,
qwen3_voice,it_context__subito_suffered,it_context,it,accent,0.0,subito,0,0,1,2.92,
qwen3_voice,it_solo__ancora_якорь,it_solo,it,plain,0.0,ancora,1,0,0,-5.27,
qwen3_voice,it_solo__ancora_якорь,it_solo,it,accent,0.0,ancora,1,0,0,-3.63,
qwen3_voice,it_solo__ancora_ещё,it_solo,it,plain,0.0,ancora,0,0,1,4.6,
qwen3_voice,it_solo__ancora_ещё,it_solo,it,accent,0.0,ancora,0,0,1,2.4,
qwen3_voice,it_solo__principi_принцы,it_solo,it,plain,0.0,principi,0,0,1,4.09,
qwen3_voice,it_solo__principi_принцы,it_solo,it,accent,0.0,principi,0,0,1,2.23,
qwen3_voice,it_solo__principi_принципы,it_solo,it,plain,0.0,principi,1,0,0,-0.02,
qwen3_voice,it_solo__principi_принципы,it_solo,it,accent,0.0,principi,0,0,1,1.26,
qwen3_voice,it_solo__capitano_случаются,it_solo,it,plain,0.0,capitano,1,0,0,-1.95,
qwen3_voice,it_solo__capitano_случаются,it_solo,it,accent,0.0,capitano,0,0,1,4.94,
qwen3_voice,it_solo__capitano_капитан,it_solo,it,plain,0.0,capitano,1,0,0,-1.63,
qwen3_voice,it_solo__capitano_капитан,it_solo,it,accent,0.0,capitano,1,0,0,-0.33,
qwen3_voice,it_solo__subito_сразу,it_solo,it,plain,0.0,subito,0,0,1,3.72,
qwen3_voice,it_solo__subito_сразу,it_solo,it,accent,0.0,subito,0,0,1,3.55,
qwen3_voice,it_solo__subito_пострадал,it_solo,it,plain,0.0,subito,1,0,0,-5.01,
qwen3_voice,it_solo__subito_пострадал,it_solo,it,accent,0.0,subito,1,0,0,-1.79,
qwen3_voice,it_solo__indice_указатель,it_solo,it,plain,0.0,indice,0,0,1,5.3,
qwen3_voice,it_solo__indice_указатель,it_solo,it,accent,0.222,indice,0,0,1,3.08,
qwen3_voice,it_solo__arbitro_судья,it_solo,it,plain,0.0,arbitro,0,0,1,4.44,
qwen3_voice,it_solo__arbitro_судья,it_solo,it,accent,0.0,arbitro,0,0,1,0.43,
qwen3_voice,it_stress__telefonano,it_stress,it,plain,0.0,telefonano,0,0,1,2.31,
qwen3_voice,it_stress__telefonano,it_stress,it,accent,0.0,telefonano,0,0,1,2.81,
qwen3_voice,it_stress__desiderano,it_stress,it,plain,0.0,desiderano,1,0,0,-0.84,
qwen3_voice,it_stress__desiderano,it_stress,it,accent,0.0,desiderano,0,0,1,0.59,
qwen3_voice,it_stress__capiscono,it_stress,it,plain,0.0,capiscono,0,0,1,3.78,
qwen3_voice,it_stress__capiscono,it_stress,it,accent,0.238,capiscono,1,0,0,-3.37,
qwen3_voice,it_stress__scrivono,it_stress,it,plain,0.0,scrivono,0,0,1,3.67,
qwen3_voice,it_stress__scrivono,it_stress,it,accent,0.0,scrivono,0,0,1,1.06,
qwen3_voice,it_stress__farmacia,it_stress,it,plain,0.0,farmacia,0,0,1,2.52,
qwen3_voice,it_stress__farmacia,it_stress,it,accent,0.0,farmacia,0,0,1,6.33,
qwen3_voice,it_stress__psicologia,it_stress,it,plain,0.0,psicologia,0,0,1,1.94,
qwen3_voice,it_stress__psicologia,it_stress,it,accent,0.0,psicologia,0,0,1,4.81,
qwen3_voice,it_stress__brindisi,it_stress,it,plain,0.0,brindisi,0,0,1,2.16,
qwen3_voice,it_stress__brindisi,it_stress,it,accent,0.0,brindisi,0,0,1,6.08,
qwen3_voice,it_stress__zucchero,it_stress,it,plain,0.0,zucchero,0,0,1,4.83,
qwen3_voice,it_stress__zucchero,it_stress,it,accent,0.0,zucchero,0,0,1,1.54,
qwen3_voice,it_stress__tavolo,it_stress,it,plain,0.0,tavolo,0,0,1,5.12,
qwen3_voice,it_stress__tavolo,it_stress,it,accent,0.0,tavolo,0,0,1,4.12,
qwen3_voice,it_stress__piroscafo,it_stress,it,plain,0.048,piroscafo,1,0,0,-0.99,
qwen3_voice,it_stress__piroscafo,it_stress,it,accent,0.0,piroscafo,0,0,1,2.65,
qwen3_voice,it_stress__leggere,it_stress,it,plain,0.0,leggere,0,0,1,4.44,
qwen3_voice,it_stress__leggere,it_stress,it,accent,0.158,leggere,0,0,1,4.39,
qwen3_voice,it_stress__leggere_2,it_stress,it,plain,0.0,leggere,1,0,0,-0.71,
qwen3_voice,it_stress__leggere_2,it_stress,it,accent,0.0,leggere,0,0,1,1.39,
qwen3_voice,it_gem__caro_carro__caro,it_gem,it,plain,0.0,caro,,single,,0.6,
qwen3_voice,it_gem__caro_carro__caro,it_gem,it,accent,0.0,caro,,single,,0.375,
qwen3_voice,it_gem__caro_carro__carro,it_gem,it,plain,0.0,carro,,double,,1.571,
qwen3_voice,it_gem__caro_carro__carro,it_gem,it,accent,0.0,carro,,double,,1.0,
qwen3_voice,it_gem__pala_palla__pala,it_gem,it,plain,0.0,pala,,single,,0.6,
qwen3_voice,it_gem__pala_palla__pala,it_gem,it,accent,0.0,pala,,single,,0.5,
qwen3_voice,it_gem__pala_palla__palla,it_gem,it,plain,0.0,palla,,double,,1.5,
qwen3_voice,it_gem__pala_palla__palla,it_gem,it,accent,0.176,palla,,double,,2.5,
qwen3_voice,it_gem__sete_sette__sete,it_gem,it,plain,0.0,sete,,single,,0.667,
qwen3_voice,it_gem__sete_sette__sete,it_gem,it,accent,0.0,sete,,single,,0.5,
qwen3_voice,it_gem__sete_sette__sette,it_gem,it,plain,0.0,sette,,double,,1.667,
qwen3_voice,it_gem__sete_sette__sette,it_gem,it,accent,0.294,sette,,double,,2.25,
qwen3_voice,it_gem__capello_cappello__capello,it_gem,it,plain,0.158,capello,,single,,0.75,
qwen3_voice,it_gem__capello_cappello__capello,it_gem,it,accent,0.053,capello,,single,,0.857,
qwen3_voice,it_gem__capello_cappello__cappello,it_gem,it,plain,0.0,cappello,,double,,3.5,
qwen3_voice,it_gem__capello_cappello__cappello,it_gem,it,accent,0.0,cappello,,double,,2.333,
qwen3_voice,it_gem__fato_fatto__fato,it_gem,it,plain,0.062,fato,,single,,0.75,
qwen3_voice,it_gem__fato_fatto__fato,it_gem,it,accent,0.062,fato,,single,,0.667,
qwen3_voice,it_gem__fato_fatto__fatto,it_gem,it,plain,0.0,fatto,,double,,1.667,
qwen3_voice,it_gem__fato_fatto__fatto,it_gem,it,accent,0.0,fatto,,double,,1.667,
qwen3_voice,it_gem__papa_pappa__papa,it_gem,it,plain,0.0,papa,,single,,0.571,
qwen3_voice,it_gem__papa_pappa__papa,it_gem,it,accent,0.0,papa,,single,,0.667,
qwen3_voice,it_gem__papa_pappa__pappa,it_gem,it,plain,0.0,pappa,,double,,1.8,
qwen3_voice,it_gem__papa_pappa__pappa,it_gem,it,accent,0.059,pappa,,double,,4.333,
qwen3_voice,it_gem__nono_nonno__nono,it_gem,it,plain,0.062,nono,,single,,0.714,
qwen3_voice,it_gem__nono_nonno__nono,it_gem,it,accent,0.0,nono,,single,,0.625,
qwen3_voice,it_gem__nono_nonno__nonno,it_gem,it,plain,0.0,nonno,,double,,1.0,
qwen3_voice,it_gem__nono_nonno__nonno,it_gem,it,accent,0.0,nonno,,double,,1.4,
qwen3_voice,ru__zamok_castle,ru,ru,plain,0.0,замок,0,0,1,4.0,
qwen3_voice,ru__zamok_castle,ru,ru,accent,0.062,замок,0,0,1,6.0,
qwen3_voice,ru__zamok_lock,ru,ru,plain,0.125,замок,1,0,0,-6.0,
qwen3_voice,ru__zamok_lock,ru,ru,accent,0.125,замок,0,0,1,2.0,
qwen3_voice,ru__plachu_cry,ru,ru,plain,0.0,плачу,0,0,1,4.0,
qwen3_voice,ru__plachu_cry,ru,ru,accent,0.0,плачу,0,0,1,2.0,
qwen3_voice,ru__plachu_pay,ru,ru,plain,0.0,плачу,0,0,1,2.0,
qwen3_voice,ru__plachu_pay,ru,ru,accent,0.0,плачу,1,0,0,-2.0,
qwen3_voice,ru__muka_pain,ru,ru,plain,0.0,мука,0,0,1,2.0,
qwen3_voice,ru__muka_pain,ru,ru,accent,0.043,мука,0,0,1,6.0,
qwen3_voice,ru__muka_flour,ru,ru,plain,0.0,муку,0,0,1,2.0,
qwen3_voice,ru__muka_flour,ru,ru,accent,0.0,муку,0,0,1,6.0,
