section,name,text,lang,tag,file,expert,kind,choices,expected,answer,correct,transcript
it_context,ancora_ancòra_plain,Vorrei ancora un caffè.,it,"контекст, без знака",wav/it_context__ancora_ancòra_plain.wav,paolo,choice,Вариант 1: ancòra (ещё) | Вариант 2: àncora (якорь),1,1,1,"Ответ: 1. Ударение падает на второй слог, как в значении «ещё»."
it_context,ancora_ancòra_mark,Vorrei ancòra un caffè.,it,со знаком,wav/it_context__ancora_ancòra_mark.wav,paolo,choice,Вариант 1: àncora (якорь) | Вариант 2: ancòra (ещё),2,2,1,Ответ: 2. Ударение падает на второй слог: ancòra.
it_context,ancora_àncora_plain,La nave getta l'ancora in porto.,it,"контекст, без знака",wav/it_context__ancora_àncora_plain.wav,paolo,choice,Вариант 1: ancòra (ещё) | Вариант 2: àncora (якорь),2,2,1,"Ответ: 2. Ударение падает на первый слог, что соответствует слову «якорь» в данном контексте."
it_context,ancora_àncora_mark,La nave getta l'àncora in porto.,it,со знаком,wav/it_context__ancora_àncora_mark.wav,paolo,choice,Вариант 1: ancòra (ещё) | Вариант 2: àncora (якорь),2,2,1,"Ответ: 2. Ударение падает на первый слог, что соответствует слову «якорь»."
it_context,principi_princìpi_plain,I principi della fisica sono semplici.,it,"контекст, без знака",wav/it_context__principi_princìpi_plain.wav,paolo,choice,Вариант 1: prìncipi (принцы) | Вариант 2: princìpi (принципы),2,2,1,"Ответ: 2. В слове «principi» ударение падает на второй слог, что означает «принципы»."
it_context,principi_princìpi_mark,I princìpi della fisica sono semplici.,it,со знаком,wav/it_context__principi_princìpi_mark.wav,paolo,choice,Вариант 1: prìncipi (принцы) | Вариант 2: princìpi (принципы),2,2,1,"Ответ: 2. Ударение падает на второй слог, как и должно быть в слове «принципы»."
it_context,principi_prìncipi_plain,Il re e la regina hanno due figli: sono principi.,it,"контекст, без знака",wav/it_context__principi_prìncipi_plain.wav,paolo,choice,Вариант 1: princìpi (принципы) | Вариант 2: prìncipi (принцы),2,2,1,"Ответ: 2. Ударение падает на первый слог, как в слове «prìncipi» (принцы)."
it_context,principi_prìncipi_mark,Il re e la regina hanno due figli: sono prìncipi.,it,со знаком,wav/it_context__principi_prìncipi_mark.wav,paolo,choice,Вариант 1: princìpi (принципы) | Вариант 2: prìncipi (принцы),2,2,1,"Ответ: 2. Ударение падает на первый слог, как в слове prìncipi (принцы)."
it_context,capitano_capitàno_plain,Il capitano parla con i marinai.,it,"контекст, без знака",wav/it_context__capitano_capitàno_plain.wav,paolo,choice,Вариант 1: càpitano (случаются) | Вариант 2: capitàno (капитан),2,2,1,"Ответ: 2. Ударение падает на слог ""та"", как в слове ""капитан""."
it_context,capitano_capitàno_mark,Il capitàno parla con i marinai.,it,со знаком,wav/it_context__capitano_capitàno_mark.wav,paolo,choice,Вариант 1: càpitano (случаются) | Вариант 2: capitàno (капитан),2,2,1,"Ответ: 2. Ударение падает на второй слог от конца, как в слове «капитан»."
it_context,capitano_càpitano_plain,Queste cose capitano spesso.,it,"контекст, без знака",wav/it_context__capitano_càpitano_plain.wav,paolo,choice,Вариант 1: capitàno (капитан) | Вариант 2: càpitano (случаются),2,2,1,"Ответ: 2. Ударение падает на первый слог, как в слове «càpitano»."
it_context,capitano_càpitano_mark,Queste cose càpitano spesso.,it,со знаком,wav/it_context__capitano_càpitano_mark.wav,paolo,choice,Вариант 1: càpitano (случаются) | Вариант 2: capitàno (капитан),1,1,1,"Ответ: 1. Ударение падает на первый слог, как и должно быть в слове «случаются»."
it_context,subito_sùbito_plain,Vieni subito qui!,it,"контекст, без знака",wav/it_context__subito_sùbito_plain.wav,paolo,choice,"Вариант 1: subìto (перенёс, пострадал от) | Вариант 2: sùbito (сразу)",2,2,1,Ответ: 2. Ударение падает на первый слог.
it_context,subito_sùbito_mark,Vieni sùbito qui!,it,со знаком,wav/it_context__subito_sùbito_mark.wav,paolo,choice,"Вариант 1: sùbito (сразу) | Вариант 2: subìto (перенёс, пострадал от)",1,1,1,"Ответ: 1. Потому что ударение падает на первый слог, как в слове subito (сразу)."
it_context,subito_subìto_plain,Ha subito un furto ieri sera.,it,"контекст, без знака",wav/it_context__subito_subìto_plain.wav,paolo,choice,"Вариант 1: sùbito (сразу) | Вариант 2: subìto (перенёс, пострадал от)",2,2,1,Ответ: 2. Чётко слышно ударение на втором слоге: subìto.
it_context,subito_subìto_mark,Ha subìto un furto ieri sera.,it,со знаком,wav/it_context__subito_subìto_mark.wav,paolo,choice,"Вариант 1: sùbito (сразу) | Вариант 2: subìto (перенёс, пострадал от)",2,2,1,"Ответ: 2. Ударение падает на второй слог, что соответствует форме «subìto»."
he_context,boker_morning_plain,בוקר טוב!,he,без огласовок (как сейчас в Chatterbox),wav/he_context__boker_morning_plain.wav,hava,choice,"Вариант 1: בּוֹקֵר, бокéр — ковбой | Вариант 2: בֹּקֶר, бóкер — утро",2,2,1,"Ответ: 2. В записи чётко слышно, что ударение падает на первый слог, как в слове «бóкер» (утро)."
he_context,boker_morning_dicta,בֹּוקֶר טוֹב!,he,Dicta (≠ вручную),wav/he_context__boker_morning_dicta.wav,hava,choice,"Вариант 1: בֹּקֶר, бóкер — утро | Вариант 2: בּוֹקֵר, бокéр — ковбой",1,1,1,"Ответ: 1. Ударение четко слышно на первом слоге, как в слове «утро»."
he_context,boker_morning_manual,בֹּקֶר טוֹב!,he,огласовки вручную,wav/he_context__boker_morning_manual.wav,hava,choice,"Вариант 1: בּוֹקֵר, бокéр — ковбой | Вариант 2: בֹּקֶר, бóкер — утро",2,2,1,"Ответ: 2. Ударение падает на первый слог, как в слове ""בוקר טוב""."
he_context,boker_cowboy_plain,הבוקר רכב על סוס.,he,без огласовок (как сейчас в Chatterbox),wav/he_context__boker_cowboy_plain.wav,hava,choice,"Вариант 1: בּוֹקֵר, бокéр — ковбой | Вариант 2: בֹּקֶר, бóкер — утро",1,1,1,"Ответ: 1. Ударение падает на последний слог, как в слове «ковбой»."
he_context,boker_cowboy_dicta,הַבֹּוקֶר רָכַב עַל סוּס.,he,Dicta (≠ вручную),wav/he_context__boker_cowboy_dicta.wav,hava,choice,"Вариант 1: בּוֹקֵר, бокéр — ковбой | Вариант 2: בֹּקֶר, бóкер — утро",1,1,1,"Ответ: 1. Ударение в слове падает на последний слог, что характерно для слова «ковбой»."
he_context,boker_cowboy_manual,הַבּוֹקֵר רָכַב עַל סוּס.,he,огласовки вручную,wav/he_context__boker_cowboy_manual.wav,hava,choice,"Вариант 1: בֹּקֶר, бóкер — утро | Вариант 2: בּוֹקֵר, бокéр — ковбой",2,2,1,"Ответ: 2. Чётко слышно ударение на последний слог, то есть «бокер» — ковбой."
he_context,okhel_food_plain,האוכל על השולחן.,he,без огласовок (как сейчас в Chatterbox),wav/he_context__okhel_food_plain.wav,hava,choice,"Вариант 1: אוֹכֵל, охéль — ест | Вариант 2: אֹכֶל, óхель — еда",2,1,0,"Ответ: 1. Ударение падает на последний слог, слышится звук «э»."
he_context,okhel_food_dicta,הָאֹוכֶל עַל הַשֻּׁולְחָן.,he,Dicta (≠ вручную),wav/he_context__okhel_food_dicta.wav,hava,choice,"Вариант 1: אֹכֶל, óхель — еда | Вариант 2: אוֹכֵל, охéль — ест",1,1,1,Ответ: 1. Ударение в слове чётко падает на первый слог.
he_context,okhel_food_manual,הָאֹכֶל עַל הַשֻּׁלְחָן.,he,огласовки вручную,wav/he_context__okhel_food_manual.wav,hava,choice,"Вариант 1: אוֹכֵל, охéль — ест | Вариант 2: אֹכֶל, óхель — еда",2,2,1,"Ответ: 2. Ударение падает на первый слог, что соответствует слову «óхель» (еда)."
he_context,okhel_eats_plain,הוא אוכל לחם.,he,без огласовок (как сейчас в Chatterbox),wav/he_context__okhel_eats_plain.wav,hava,choice,"Вариант 1: אוֹכֵל, охéль — ест | Вариант 2: אֹכֶל, óхель — еда",1,1,1,Ответ: 1. Ударение падает на последний слог — охе́ль.
he_context,okhel_eats_dicta,הוּא אוֹכֵל לֶחֶם.,he,Dicta,wav/he_context__okhel_eats_dicta.wav,hava,choice,"Вариант 1: אוֹכֵל, охéль — ест | Вариант 2: אֹכֶל, óхель — еда",1,1,1,"Ответ: 1. Ударение падает на последний слог, как в слове охель (ест)."
he_context,okhel_eats_manual,הוּא אוֹכֵל לֶחֶם.,he,огласовки вручную,wav/he_context__okhel_eats_manual.wav,hava,choice,"Вариант 1: אֹכֶל, óхель — еда | Вариант 2: אוֹכֵל, охéль — ест",2,2,1,"Ответ: 2. В слове отчетливо слышно ударение на последнем слоге, значит, это «охéль» — ест."
he_context,sefer_book_plain,אני קורא ספר.,he,без огласовок (как сейчас в Chatterbox),wav/he_context__sefer_book_plain.wav,hava,choice,"Вариант 1: סֵפֶר, сэ́фер — книга | Вариант 2: סַפָּר, сапáр — парикмахер",1,2,0,Ответ: 2. Четко слышно ударение на последний слог и звук 'а' в первом слоге.
he_context,sefer_book_dicta,אֲנִי קוֹרֵא סֵפֶר.,he,Dicta,wav/he_context__sefer_book_dicta.wav,hava,choice,"Вариант 1: סֵפֶר, сэ́фер — книга | Вариант 2: סַפָּר, сапáр — парикмахер",1,1,1,"Ответ: 1. Чётко слышен звук «э» и ударение на первом слоге, как в слове «сэ́фер» — книга."
he_context,sefer_book_manual,אֲנִי קוֹרֵא סֵפֶר.,he,огласовки вручную,wav/he_context__sefer_book_manual.wav,hava,choice,"Вариант 1: סַפָּר, сапáр — парикмахер | Вариант 2: סֵפֶר, сэ́фер — книга",2,2,1,Ответ: 2. В слове чётко слышен звук «э» вместо «а».
he_context,sapar_barber_plain,הספר גזר לי את השיער.,he,без огласовок (как сейчас в Chatterbox),wav/he_context__sapar_barber_plain.wav,hava,choice,"Вариант 1: סַפָּר, сапáр — парикмахер | Вариант 2: סֵפֶר, сэ́фер — книга",1,2,0,Ответ: 2. В синтезированном слове чётко слышен звук «э» (цере) и правильное ударение для слова «книга».
he_context,sapar_barber_dicta,הַסֵּפֶר גָּזַר לִי אֶת הַשֵּׂיעָר.,he,Dicta (≠ вручную),wav/he_context__sapar_barber_dicta.wav,hava,choice,"Вариант 1: סֵפֶר, сэ́фер — книга | Вариант 2: סַפָּר, сапáр — парикмахер",2,2,1,"Ответ: 2. Ударение падает на второй слог, а по контексту понятно, что стригли волосы."
he_context,sapar_barber_manual,הַסַּפָּר גָּזַר לִי אֶת הַשֵּׂעָר.,he,огласовки вручную,wav/he_context__sapar_barber_manual.wav,hava,choice,"Вариант 1: סַפָּר, сапáр — парикмахер | Вариант 2: סֵפֶר, сэ́фер — книга",1,1,1,"Ответ: 1. В записи отчетливо слышен звук «а» в первом слоге, что соответствует слову «сапар» (парикмахер)."
he_context,banu_built_plain,הם בנו בית חדש.,he,без огласовок (как сейчас в Chatterbox),wav/he_context__banu_built_plain.wav,hava,choice,Вариант 1: банý — «построили» (ударение на последний) | Вариант 2: бáну — «в нас» (ударение на первый слог),1,1,1,Ответ: 1. Ударение отчетливо слышно на последнем слоге.
he_context,banu_built_dicta,הֵם בָּנוּ בַּיִת חָדָשׁ.,he,Dicta,wav/he_context__banu_built_dicta.wav,hava,choice,Вариант 1: бáну — «в нас» (ударение на первый слог) | Вариант 2: банý — «построили» (ударение на последний),2,2,1,Ответ: 2. Четко слышно ударение на последнем слоге.
he_context,banu_built_manual,הֵם בָּנוּ בַּיִת חָדָשׁ.,he,огласовки вручную,wav/he_context__banu_built_manual.wav,hava,choice,Вариант 1: банý — «построили» (ударение на последний) | Вариант 2: бáну — «в нас» (ударение на первый слог),1,1,1,Ответ: 1. Ударение четко слышно на последнем слоге: банý.
he_context,banu_in_us_plain,הוא בוטח בנו.,he,без огласовок (как сейчас в Chatterbox),wav/he_context__banu_in_us_plain.wav,hava,choice,Вариант 1: бáну — «в нас» (ударение на первый слог) | Вариант 2: банý — «построили» (ударение на последний),,2,,Ответ: 2. Четко слышно ударение на последний слог.
he_context,banu_in_us_dicta,הוּא בּוֹטֵחַ בָּנוּ.,he,Dicta,wav/he_context__banu_in_us_dicta.wav,hava,choice,Вариант 1: бáну — «в нас» (ударение на первый слог) | Вариант 2: банý — «построили» (ударение на последний),,2,,"Ответ: 2. Четко слышно ударение на последний слог, как в слове «бану́»."
he_context,banu_in_us_manual,הוּא בּוֹטֵחַ בָּנוּ.,he,огласовки вручную,wav/he_context__banu_in_us_manual.wav,hava,choice,Вариант 1: бáну — «в нас» (ударение на первый слог) | Вариант 2: банý — «построили» (ударение на последний),,2,,Ответ: 2. Ударение падает на последний слог.
he_context,shlomekh_fem_plain,"שלום, מה שלומך?",he,без огласовок (как сейчас в Chatterbox),wav/he_context__shlomekh_fem_plain.wav,hava,choice,Вариант 1: шломхá — обращение к мужчине | Вариант 2: шломéх — обращение к женщине,2,1,0,"Ответ: 1. В конце отчетливо слышен гласный звук «а», что указывает на обращение к мужчине."
he_context,shlomekh_fem_dicta,"שָׁלוֹם, מָה שְׁלוֹמְךָ?",he,Dicta (≠ вручную),wav/he_context__shlomekh_fem_dicta.wav,hava,choice,Вариант 1: шломхá — обращение к мужчине | Вариант 2: шломéх — обращение к женщине,2,1,0,Ответ: 1. В слове чётко слышен звук «ха» на конце.
he_context,shlomekh_fem_manual,"שָׁלוֹם, מַה שְּׁלוֹמֵךְ?",he,огласовки вручную,wav/he_context__shlomekh_fem_manual.wav,hava,choice,Вариант 1: шломхá — обращение к мужчине | Вариант 2: шломéх — обращение к женщине,2,1,0,"Ответ: 1. В конце отчетливо слышно «ха», что указывает на обращение к мужчине."
stress,telefonano_telèfonano_none_solo,telefonano.,it,4-й от конца,wav/stress__telefonano_telèfonano_none_solo.wav,paolo,choice,Вариант 1: telèfonano — ударная гласная «telÈfonano» | Вариант 2: telefònano — ударная гласная «telefÒnano»,1,1,1,"Ответ: 1. В записи чётко слышно, что ударный слог — второй, «le»."
stress,telefonano_telèfonano_none_frame,Dico telefonano adesso.,it,4-й от конца,wav/stress__telefonano_telèfonano_none_frame.wav,paolo,choice,Вариант 1: telèfonano — ударная гласная «telÈfonano» | Вариант 2: telefònano — ударная гласная «telefÒnano»,1,2,0,Ответ: 2. В записи четко слышно ударение на гласную «о» в слоге «fo».
stress,telefonano_telèfonano_grave_solo,telèfonano.,it,4-й от конца,wav/stress__telefonano_telèfonano_grave_solo.wav,paolo,choice,Вариант 1: telefònano — ударная гласная «telefÒnano» | Вариант 2: telèfonano — ударная гласная «telÈfonano»,2,2,1,"Ответ: 2. Ударная гласная ""е"" слышится в слоге ""le""."
stress,telefonano_telèfonano_grave_frame,Dico telèfonano adesso.,it,4-й от конца,wav/stress__telefonano_telèfonano_grave_frame.wav,paolo,choice,Вариант 1: telèfonano — ударная гласная «telÈfonano» | Вариант 2: telefònano — ударная гласная «telefÒnano»,1,2,0,Ответ: 2. Ударение падает на гласную «о» в слоге «fo».
stress,telefonano_telèfonano_acute_solo,teléfonano.,it,4-й от конца,wav/stress__telefonano_telèfonano_acute_solo.wav,paolo,choice,Вариант 1: telèfonano — ударная гласная «telÈfonano» | Вариант 2: telefònano — ударная гласная «telefÒnano»,1,2,0,Ответ: 2. Ударение отчетливо слышно на гласном звуке «о» в слоге «fo».
stress,telefonano_telèfonano_acute_frame,Dico teléfonano adesso.,it,4-й от конца,wav/stress__telefonano_telèfonano_acute_frame.wav,paolo,choice,Вариант 1: telèfonano — ударная гласная «telÈfonano» | Вариант 2: telefònano — ударная гласная «telefÒnano»,1,2,0,"Ответ: 2. Ударение падает на предпоследний слог, на гласную «о»."
stress,parliamo_parliàmo_none_solo,parliamo.,it,,wav/stress__parliamo_parliàmo_none_solo.wav,paolo,choice,Вариант 1: parliàmo — ударная гласная «parliÀmo» | Вариант 2: pàrliamo — ударная гласная «pÀrliamo»,1,1,1,"Ответ: 1. Ударение падает на последний слог, на гласную «а» в окончании -iamo."
stress,parliamo_parliàmo_none_frame,Dico parliamo adesso.,it,,wav/stress__parliamo_parliàmo_none_frame.wav,paolo,choice,Вариант 1: parliàmo — ударная гласная «parliÀmo» | Вариант 2: pàrliamo — ударная гласная «pÀrliamo»,1,1,1,"Ответ: 1. Я четко слышу ударение на гласную в окончании ""-iamo""."
stress,parliamo_parliàmo_grave_solo,parliàmo.,it,,wav/stress__parliamo_parliàmo_grave_solo.wav,paolo,choice,Вариант 1: parliàmo — ударная гласная «parliÀmo» | Вариант 2: pàrliamo — ударная гласная «pÀrliamo»,1,1,1,Ответ: 1. Ударение отчетливо слышно на гласной «а» в окончании.
stress,parliamo_parliàmo_grave_frame,Dico parliàmo adesso.,it,,wav/stress__parliamo_parliàmo_grave_frame.wav,paolo,choice,Вариант 1: pàrliamo — ударная гласная «pÀrliamo» | Вариант 2: parliàmo — ударная гласная «parliÀmo»,2,2,1,Ответ: 2. Ударение падает на гласную «а» в слоге «-lia-».
stress,parliamo_parliàmo_acute_solo,parliámo.,it,,wav/stress__parliamo_parliàmo_acute_solo.wav,paolo,choice,Вариант 1: pàrliamo — ударная гласная «pÀrliamo» | Вариант 2: parliàmo — ударная гласная «parliÀmo»,2,2,1,Ответ: 2. В записи четко слышно ударение на гласную «а» в окончании слова.
stress,parliamo_parliàmo_acute_frame,Dico parliámo adesso.,it,,wav/stress__parliamo_parliàmo_acute_frame.wav,paolo,choice,Вариант 1: parliàmo — ударная гласная «parliÀmo» | Вариант 2: pàrliamo — ударная гласная «pÀrliamo»,1,1,1,"Ответ: 1. Ударение падает на последний слог, как и должно быть в слове «parliamo»."
stress,desiderano_desìderano_none_solo,desiderano.,it,4-й от конца,wav/stress__desiderano_desìderano_none_solo.wav,paolo,choice,Вариант 1: desidèrano — ударная гласная «desidÈrano» | Вариант 2: desìderano — ударная гласная «desÌderano»,2,2,1,"Ответ: 2. Ударение падает на второй слог, отчетливо слышна гласная «и»."
stress,desiderano_desìderano_none_frame,Dico desiderano adesso.,it,4-й от конца,wav/stress__desiderano_desìderano_none_frame.wav,paolo,choice,Вариант 1: desidèrano — ударная гласная «desidÈrano» | Вариант 2: desìderano — ударная гласная «desÌderano»,2,2,1,Ответ: 2. В слове чётко слышно ударение на второй слог: «desìderano».
stress,desiderano_desìderano_grave_solo,desìderano.,it,4-й от конца,wav/stress__desiderano_desìderano_grave_solo.wav,paolo,choice,Вариант 1: desìderano — ударная гласная «desÌderano» | Вариант 2: desidèrano — ударная гласная «desidÈrano»,1,1,1,"Ответ: 1. Я слышу, что отчетливо выделена ударная гласная «и»."
stress,desiderano_desìderano_grave_frame,Dico desìderano adesso.,it,4-й от конца,wav/stress__desiderano_desìderano_grave_frame.wav,paolo,choice,Вариант 1: desidèrano — ударная гласная «desidÈrano» | Вариант 2: desìderano — ударная гласная «desÌderano»,2,2,1,"Ответ: 2. В слове четко слышно, что ударение падает на второй слог, на гласную «и»."
stress,desiderano_desìderano_acute_solo,desíderano.,it,4-й от конца,wav/stress__desiderano_desìderano_acute_solo.wav,paolo,choice,Вариант 1: desìderano — ударная гласная «desÌderano» | Вариант 2: desidèrano — ударная гласная «desidÈrano»,1,1,1,"Ответ: 1. Я четко слышу, что ударение падает на гласную «и»."
stress,desiderano_desìderano_acute_frame,Dico desíderano adesso.,it,4-й от конца,wav/stress__desiderano_desìderano_acute_frame.wav,paolo,choice,Вариант 1: desidèrano — ударная гласная «desidÈrano» | Вариант 2: desìderano — ударная гласная «desÌderano»,2,2,1,"Ответ: 2. В слове desiderano ударный слог второй, звук «и»."
stress,capiscono_capìscono_none_solo,capiscono.,it,,wav/stress__capiscono_capìscono_none_solo.wav,paolo,choice,Вариант 1: capiscòno — ударная гласная «capiscÒno» | Вариант 2: capìscono — ударная гласная «capÌscono»,2,2,1,"Ответ: 2. Чётко слышно, что ударение падает на второй слог: capÌscono."
stress,capiscono_capìscono_none_frame,Dico capiscono adesso.,it,,wav/stress__capiscono_capìscono_none_frame.wav,paolo,choice,Вариант 1: capìscono — ударная гласная «capÌscono» | Вариант 2: capiscòno — ударная гласная «capiscÒno»,1,1,1,"Ответ: 1. В записи чётко слышно, что ударение падает на гласную «и» в слове «capìscono»."
stress,capiscono_capìscono_grave_solo,capìscono.,it,,wav/stress__capiscono_capìscono_grave_solo.wav,paolo,choice,Вариант 1: capìscono — ударная гласная «capÌscono» | Вариант 2: capiscòno — ударная гласная «capiscÒno»,1,1,1,"Ответ: 1. Ударение падает на гласную «и» в середине слова, как и должно быть по правилам."
stress,capiscono_capìscono_grave_frame,Dico capìscono adesso.,it,,wav/stress__capiscono_capìscono_grave_frame.wav,paolo,choice,Вариант 1: capiscòno — ударная гласная «capiscÒno» | Вариант 2: capìscono — ударная гласная «capÌscono»,2,2,1,"Ответ: 2. Четко слышно, что ударение падает на гласную «и»."
stress,capiscono_capìscono_acute_solo,capíscono.,it,,wav/stress__capiscono_capìscono_acute_solo.wav,paolo,choice,Вариант 1: capìscono — ударная гласная «capÌscono» | Вариант 2: capiscòno — ударная гласная «capiscÒno»,1,1,1,Ответ: 1. Ударение падает на гласную «и».
stress,capiscono_capìscono_acute_frame,Dico capíscono adesso.,it,,wav/stress__capiscono_capìscono_acute_frame.wav,paolo,choice,Вариант 1: capìscono — ударная гласная «capÌscono» | Вариант 2: capiscòno — ударная гласная «capiscÒno»,1,1,1,"Ответ: 1. Ударение падает на второй слог, на гласную «и»."
stress,scrivono_scrìvono_none_solo,scrivono.,it,,wav/stress__scrivono_scrìvono_none_solo.wav,paolo,choice,Вариант 1: scrìvono — ударная гласная «scrÌvono» | Вариант 2: scrivòno — ударная гласная «scrivÒno»,1,1,1,"Ответ: 1. Ударение падает на первый слог, как и должно быть в этом слове."
stress,scrivono_scrìvono_none_frame,Dico scrivono adesso.,it,,wav/stress__scrivono_scrìvono_none_frame.wav,paolo,choice,Вариант 1: scrivòno — ударная гласная «scrivÒno» | Вариант 2: scrìvono — ударная гласная «scrÌvono»,2,2,1,"Ответ: 2. Ясно слышно, что ударение падает на первый слог."
stress,scrivono_scrìvono_grave_solo,scrìvono.,it,,wav/stress__scrivono_scrìvono_grave_solo.wav,paolo,choice,Вариант 1: scrìvono — ударная гласная «scrÌvono» | Вариант 2: scrivòno — ударная гласная «scrivÒno»,1,1,1,Ответ: 1. Потому что ударным слышится первый слог: «scrí».
stress,scrivono_scrìvono_grave_frame,Dico scrìvono adesso.,it,,wav/stress__scrivono_scrìvono_grave_frame.wav,paolo,choice,Вариант 1: scrìvono — ударная гласная «scrÌvono» | Вариант 2: scrivòno — ударная гласная «scrivÒno»,1,1,1,Ответ: 1. В записи отчетливо слышно ударение на первом слоге в слове scrivono.
stress,scrivono_scrìvono_acute_solo,scrívono.,it,,wav/stress__scrivono_scrìvono_acute_solo.wav,paolo,choice,Вариант 1: scrìvono — ударная гласная «scrÌvono» | Вариант 2: scrivòno — ударная гласная «scrivÒno»,1,1,1,"Ответ: 1
Ударение чётко слышно на первом слоге — «scrìvono»."
stress,scrivono_scrìvono_acute_frame,Dico scrívono adesso.,it,,wav/stress__scrivono_scrìvono_acute_frame.wav,paolo,choice,Вариант 1: scrivòno — ударная гласная «scrivÒno» | Вариант 2: scrìvono — ударная гласная «scrÌvono»,2,2,1,"Ответ: 2. В слове четко слышно, что ударение падает на первый слог."
stress,farmacia_farmacìa_none_solo,farmacia.,it,,wav/stress__farmacia_farmacìa_none_solo.wav,paolo,choice,Вариант 1: farmàcia — ударная гласная «farmÀcia» | Вариант 2: farmacìa — ударная гласная «farmacÌa»,2,2,1,Ответ: 2. Чётко слышно ударение на последнюю гласную «и».
stress,farmacia_farmacìa_none_frame,Dico farmacia adesso.,it,,wav/stress__farmacia_farmacìa_none_frame.wav,paolo,choice,Вариант 1: farmàcia — ударная гласная «farmÀcia» | Вариант 2: farmacìa — ударная гласная «farmacÌa»,2,2,1,"Ответ: 2. В записи чётко слышно ударение на последнем слоге, на гласной «и»."
stress,farmacia_farmacìa_grave_solo,farmacìa.,it,,wav/stress__farmacia_farmacìa_grave_solo.wav,paolo,choice,Вариант 1: farmacìa — ударная гласная «farmacÌa» | Вариант 2: farmàcia — ударная гласная «farmÀcia»,1,1,1,"Ответ: 1. Я четко слышу ударение на последний слог, на гласную «и»."
stress,farmacia_farmacìa_grave_frame,Dico farmacìa adesso.,it,,wav/stress__farmacia_farmacìa_grave_frame.wav,paolo,choice,Вариант 1: farmàcia — ударная гласная «farmÀcia» | Вариант 2: farmacìa — ударная гласная «farmacÌa»,2,2,1,"Ответ: 2. Ударение падает на последний слог, как и должно быть в слове «farmacìa»."
stress,farmacia_farmacìa_acute_solo,farmacía.,it,,wav/stress__farmacia_farmacìa_acute_solo.wav,paolo,choice,Вариант 1: farmacìa — ударная гласная «farmacÌa» | Вариант 2: farmàcia — ударная гласная «farmÀcia»,1,1,1,Ответ: 1. В записи чётко слышно ударную гласную «и».
stress,farmacia_farmacìa_acute_frame,Dico farmacía adesso.,it,,wav/stress__farmacia_farmacìa_acute_frame.wav,paolo,choice,Вариант 1: farmacìa — ударная гласная «farmacÌa» | Вариант 2: farmàcia — ударная гласная «farmÀcia»,1,1,1,"Ответ: 1. Ударение падает на последний слог, как это и должно быть в слове farmacia."
stress,psicologia_psicologìa_none_solo,psicologia.,it,,wav/stress__psicologia_psicologìa_none_solo.wav,paolo,choice,Вариант 1: psicològia — ударная гласная «psicolÒgia» | Вариант 2: psicologìa — ударная гласная «psicologÌa»,2,2,1,Ответ: 2. В записи четко слышно ударение на последний гласный звук «и» в слове «psicologìa».
stress,psicologia_psicologìa_none_frame,Dico psicologia adesso.,it,,wav/stress__psicologia_psicologìa_none_frame.wav,paolo,choice,Вариант 1: psicologìa — ударная гласная «psicologÌa» | Вариант 2: psicològia — ударная гласная «psicolÒgia»,1,1,1,"Ответ: 1. Ударение падает на последний слог, на гласную ""и""."
stress,psicologia_psicologìa_grave_solo,psicologìa.,it,,wav/stress__psicologia_psicologìa_grave_solo.wav,paolo,choice,Вариант 1: psicològia — ударная гласная «psicolÒgia» | Вариант 2: psicologìa — ударная гласная «psicologÌa»,2,2,1,Ответ: 2. Ударная гласная чётко слышна на последнем слоге «и».
stress,psicologia_psicologìa_grave_frame,Dico psicologìa adesso.,it,,wav/stress__psicologia_psicologìa_grave_frame.wav,paolo,choice,Вариант 1: psicològia — ударная гласная «psicolÒgia» | Вариант 2: psicologìa — ударная гласная «psicologÌa»,2,2,1,"Ответ: 2. Ударение падает на последний слог, на гласную «и»."
stress,psicologia_psicologìa_acute_solo,psicología.,it,,wav/stress__psicologia_psicologìa_acute_solo.wav,paolo,choice,Вариант 1: psicològia — ударная гласная «psicolÒgia» | Вариант 2: psicologìa — ударная гласная «psicologÌa»,2,2,1,"Ответ: 2. В записи чётко слышно ударение на последнем слоге, на букве «и»."
stress,psicologia_psicologìa_acute_frame,Dico psicología adesso.,it,,wav/stress__psicologia_psicologìa_acute_frame.wav,paolo,choice,Вариант 1: psicològia — ударная гласная «psicolÒgia» | Вариант 2: psicologìa — ударная гласная «psicologÌa»,2,2,1,"Ответ: 2. Ударение падает на последний слог, на гласную «и»."
stress,Brindisi_Brìndisi_none_solo,Brindisi.,it,,wav/stress__Brindisi_Brìndisi_none_solo.wav,paolo,choice,Вариант 1: brindìsi — ударная гласная «brindÌsi» | Вариант 2: brìndisi — ударная гласная «brÌndisi»,2,2,1,Ответ: 2. Ударение падает на первый слог.
stress,Brindisi_Brìndisi_none_frame,Dico Brindisi adesso.,it,,wav/stress__Brindisi_Brìndisi_none_frame.wav,paolo,choice,Вариант 1: brìndisi — ударная гласная «brÌndisi» | Вариант 2: brindìsi — ударная гласная «brindÌsi»,1,1,1,"Ответ: 1. Ударение падает на первый слог, как и должно быть в слове «brindisi»."
stress,Brindisi_Brìndisi_grave_solo,Brìndisi.,it,,wav/stress__Brindisi_Brìndisi_grave_solo.wav,paolo,choice,Вариант 1: brindìsi — ударная гласная «brindÌsi» | Вариант 2: brìndisi — ударная гласная «brÌndisi»,2,2,1,"Ответ: 2. В записи чётко слышно, что ударение падает на первый слог, на гласную «и»."
stress,Brindisi_Brìndisi_grave_frame,Dico Brìndisi adesso.,it,,wav/stress__Brindisi_Brìndisi_grave_frame.wav,paolo,choice,Вариант 1: brindìsi — ударная гласная «brindÌsi» | Вариант 2: brìndisi — ударная гласная «brÌndisi»,2,2,1,"Ответ: 2. Ударение падает на первый слог, на гласную «и»."
stress,Brindisi_Brìndisi_acute_solo,Bríndisi.,it,,wav/stress__Brindisi_Brìndisi_acute_solo.wav,paolo,choice,Вариант 1: brìndisi — ударная гласная «brÌndisi» | Вариант 2: brindìsi — ударная гласная «brindÌsi»,1,1,1,"Ответ: 1.
Потому что чётко слышно, что ударение падает на первый слог."
stress,Brindisi_Brìndisi_acute_frame,Dico Bríndisi adesso.,it,,wav/stress__Brindisi_Brìndisi_acute_frame.wav,paolo,choice,Вариант 1: brìndisi — ударная гласная «brÌndisi» | Вариант 2: brindìsi — ударная гласная «brindÌsi»,1,1,1,"Ответ: 1. В слове «brindisi» отчетливо слышно, что ударение падает на первый слог."
stress,famiglia_famìglia_none_solo,famiglia.,it,,wav/stress__famiglia_famìglia_none_solo.wav,paolo,choice,Вариант 1: famiglìa — ударная гласная «famiglÌa» | Вариант 2: famìglia — ударная гласная «famÌglia»,2,2,1,"Ответ: 2. Ударение падает на гласную «и» в слоге «mi», как и должно быть в этом слове."
stress,famiglia_famìglia_none_frame,Dico famiglia adesso.,it,,wav/stress__famiglia_famìglia_none_frame.wav,paolo,choice,Вариант 1: famìglia — ударная гласная «famÌglia» | Вариант 2: famiglìa — ударная гласная «famiglÌa»,1,1,1,Ответ: 1. В слове «famiglia» отчетливо слышно ударение на гласную «и» во втором слоге.
stress,famiglia_famìglia_grave_solo,famìglia.,it,,wav/stress__famiglia_famìglia_grave_solo.wav,paolo,choice,Вариант 1: famìglia — ударная гласная «famÌglia» | Вариант 2: famiglìa — ударная гласная «famiglÌa»,1,1,1,Ответ: 1. Ударение падает на второй слог — на гласную «и» в сочетании «gli».
stress,famiglia_famìglia_grave_frame,Dico famìglia adesso.,it,,wav/stress__famiglia_famìglia_grave_frame.wav,paolo,choice,Вариант 1: famiglìa — ударная гласная «famiglÌa» | Вариант 2: famìglia — ударная гласная «famÌglia»,2,2,1,"Ответ: 2. Ударение падает на предпоследний слог, как и должно быть в итальянском."
stress,famiglia_famìglia_acute_solo,famíglia.,it,,wav/stress__famiglia_famìglia_acute_solo.wav,paolo,choice,Вариант 1: famìglia — ударная гласная «famÌglia» | Вариант 2: famiglìa — ударная гласная «famiglÌa»,1,1,1,Ответ: 1. Ударение падает на гласную «и».
stress,famiglia_famìglia_acute_frame,Dico famíglia adesso.,it,,wav/stress__famiglia_famìglia_acute_frame.wav,paolo,choice,Вариант 1: famiglìa — ударная гласная «famiglÌa» | Вариант 2: famìglia — ударная гласная «famÌglia»,2,2,1,Ответ: 2. Ударение падает на гласную «и» в слоге «gli».
stress,subito_sùbito_none_solo,subito.,it,,wav/stress__subito_sùbito_none_solo.wav,paolo,choice,"Вариант 1: sùbito — ударная гласная «sÙbito», «сразу» | Вариант 2: subìto — ударная гласная «subÌto», «перенёс, пострадал от»",1,1,1,"Ответ: 1. Ударение падает на первый слог, на гласную «u»."
stress,subito_sùbito_none_frame,Dico subito adesso.,it,,wav/stress__subito_sùbito_none_frame.wav,paolo,choice,"Вариант 1: sùbito — ударная гласная «sÙbito», «сразу» | Вариант 2: subìto — ударная гласная «subÌto», «перенёс, пострадал от»",1,1,1,"Ответ: 1. Ударение падает на первый слог, как и должно быть в слове «sùbito»."
stress,subito_sùbito_grave_solo,sùbito.,it,,wav/stress__subito_sùbito_grave_solo.wav,paolo,choice,"Вариант 1: subìto — ударная гласная «subÌto», «перенёс, пострадал от» | Вариант 2: sùbito — ударная гласная «sÙbito», «сразу»",2,2,1,Ответ: 2. Ударным слышится первый слог: «sÙbito».
stress,subito_sùbito_grave_frame,Dico sùbito adesso.,it,,wav/stress__subito_sùbito_grave_frame.wav,paolo,choice,"Вариант 1: sùbito — ударная гласная «sÙbito», «сразу» | Вариант 2: subìto — ударная гласная «subÌto», «перенёс, пострадал от»",1,1,1,Ответ: 1. Ударение чётко падает на первый слог «u».
stress,subito_sùbito_acute_solo,súbito.,it,,wav/stress__subito_sùbito_acute_solo.wav,paolo,choice,"Вариант 1: sùbito — ударная гласная «sÙbito», «сразу» | Вариант 2: subìto — ударная гласная «subÌto», «перенёс, пострадал от»",1,1,1,"Ответ: 1. В записи отчетливо слышно, что ударным является первый слог: «subito»."
stress,subito_sùbito_acute_frame,Dico súbito adesso.,it,,wav/stress__subito_sùbito_acute_frame.wav,paolo,choice,"Вариант 1: subìto — ударная гласная «subÌto», «перенёс, пострадал от» | Вариант 2: sùbito — ударная гласная «sÙbito», «сразу»",2,2,1,"Ответ: 2. Ударение падает на первый слог, как и должно быть в слове «subito»."
stress,ancora_àncora_none_solo,ancora.,it,якорь,wav/stress__ancora_àncora_none_solo.wav,paolo,choice,"Вариант 1: àncora — ударная гласная «Àncora», «якорь» | Вариант 2: ancòra — ударная гласная «ancÒra», «ещё»",,2,,Ответ: 2. Чётко слышно ударение на втором слоге.
stress,ancora_àncora_none_frame,Dico ancora adesso.,it,якорь,wav/stress__ancora_àncora_none_frame.wav,paolo,choice,"Вариант 1: ancòra — ударная гласная «ancÒra», «ещё» | Вариант 2: àncora — ударная гласная «Àncora», «якорь»",,1,,"Ответ: 1. В записи ударение падает на второй слог, как в слове «ancòra» — «ещё»."
stress,ancora_àncora_grave_solo,àncora.,it,якорь,wav/stress__ancora_àncora_grave_solo.wav,paolo,choice,"Вариант 1: ancòra — ударная гласная «ancÒra», «ещё» | Вариант 2: àncora — ударная гласная «Àncora», «якорь»",2,1,0,"Ответ: 1. Ударение падает на второй слог, на гласную «о»."
stress,ancora_àncora_grave_frame,Dico àncora adesso.,it,якорь,wav/stress__ancora_àncora_grave_frame.wav,paolo,choice,"Вариант 1: ancòra — ударная гласная «ancÒra», «ещё» | Вариант 2: àncora — ударная гласная «Àncora», «якорь»",2,1,0,Ответ: 1. Я четко слышу ударение на букву «о» в середине слова.
stress,ancora_àncora_acute_solo,áncora.,it,якорь,wav/stress__ancora_àncora_acute_solo.wav,paolo,choice,"Вариант 1: ancòra — ударная гласная «ancÒra», «ещё» | Вариант 2: àncora — ударная гласная «Àncora», «якорь»",2,1,0,"Ответ: 1. В записи отчетливо слышно, что ударение падает на второй слог, на гласную «о»."
stress,ancora_àncora_acute_frame,Dico áncora adesso.,it,якорь,wav/stress__ancora_àncora_acute_frame.wav,paolo,choice,"Вариант 1: àncora — ударная гласная «Àncora», «якорь» | Вариант 2: ancòra — ударная гласная «ancÒra», «ещё»",1,2,0,"Ответ: 2. Ударение падает на второй слог, отчетливо слышится «ò»."
stress,ancora_ancòra_none_solo,ancora.,it,ещё,wav/stress__ancora_ancòra_none_solo.wav,paolo,choice,"Вариант 1: ancòra — ударная гласная «ancÒra», «ещё» | Вариант 2: àncora — ударная гласная «Àncora», «якорь»",,1,,"Ответ: 1. Ударение слышно на втором слоге, на гласной «о»."
stress,ancora_ancòra_none_frame,Dico ancora adesso.,it,ещё,wav/stress__ancora_ancòra_none_frame.wav,paolo,choice,"Вариант 1: àncora — ударная гласная «Àncora», «якорь» | Вариант 2: ancòra — ударная гласная «ancÒra», «ещё»",,2,,"Ответ: 2. Ударение падает на гласный ""о"" во втором слоге."
stress,ancora_ancòra_grave_solo,ancòra.,it,ещё,wav/stress__ancora_ancòra_grave_solo.wav,paolo,choice,"Вариант 1: àncora — ударная гласная «Àncora», «якорь» | Вариант 2: ancòra — ударная гласная «ancÒra», «ещё»",2,2,1,Ответ: 2. Ударение падает на второй слог «о».
stress,ancora_ancòra_grave_frame,Dico ancòra adesso.,it,ещё,wav/stress__ancora_ancòra_grave_frame.wav,paolo,choice,"Вариант 1: àncora — ударная гласная «Àncora», «якорь» | Вариант 2: ancòra — ударная гласная «ancÒra», «ещё»",2,2,1,"Ответ: 2. Ударная гласная «o», что означает «ещё»."
stress,ancora_ancòra_acute_solo,ancóra.,it,ещё,wav/stress__ancora_ancòra_acute_solo.wav,paolo,choice,"Вариант 1: àncora — ударная гласная «Àncora», «якорь» | Вариант 2: ancòra — ударная гласная «ancÒra», «ещё»",2,2,1,Ответ: 2. Чётко слышно ударение на втором слоге.
stress,ancora_ancòra_acute_frame,Dico ancóra adesso.,it,ещё,wav/stress__ancora_ancòra_acute_frame.wav,paolo,choice,"Вариант 1: àncora — ударная гласная «Àncora», «якорь» | Вариант 2: ancòra — ударная гласная «ancÒra», «ещё»",2,2,1,"Ответ: 2. Ударение падает на второй слог, что соответствует значению «ещё»."
stress,capitano_càpitano_none_solo,capitano.,it,случаются,wav/stress__capitano_càpitano_none_solo.wav,paolo,choice,"Вариант 1: capitàno — ударная гласная «capitÀno», «капитан» | Вариант 2: càpitano — ударная гласная «cÀpitano», «случаются»",,1,,Ответ: 1. Четко слышно ударение на предпоследний слог: «а» в «тано».
stress,capitano_càpitano_none_frame,Dico capitano adesso.,it,случаются,wav/stress__capitano_càpitano_none_frame.wav,paolo,choice,"Вариант 1: càpitano — ударная гласная «cÀpitano», «случаются» | Вариант 2: capitàno — ударная гласная «capitÀno», «капитан»",,2,,"Ответ: 2. В записи чётко слышно ударение на предпоследний слог, как в слове «капитан»."
stress,capitano_càpitano_grave_solo,càpitano.,it,случаются,wav/stress__capitano_càpitano_grave_solo.wav,paolo,choice,"Вариант 1: càpitano — ударная гласная «cÀpitano», «случаются» | Вариант 2: capitàno — ударная гласная «capitÀno», «капитан»",1,1,1,"Ответ: 1. Ударение падает на третий слог с конца, на гласную «а»."
stress,capitano_càpitano_grave_frame,Dico càpitano adesso.,it,случаются,wav/stress__capitano_càpitano_grave_frame.wav,paolo,choice,"Вариант 1: capitàno — ударная гласная «capitÀno», «капитан» | Вариант 2: càpitano — ударная гласная «cÀpitano», «случаются»",2,1,0,"Ответ: 1. Ударение падает на второй слог с конца, на гласную «а» в слоге «ta»."
stress,capitano_càpitano_acute_solo,cápitano.,it,случаются,wav/stress__capitano_càpitano_acute_solo.wav,paolo,choice,"Вариант 1: capitàno — ударная гласная «capitÀno», «капитан» | Вариант 2: càpitano — ударная гласная «cÀpitano», «случаются»",2,2,1,"Ответ: 2. Ударение падает на первый слог, как в слове «случаются»."
stress,capitano_càpitano_acute_frame,Dico cápitano adesso.,it,случаются,wav/stress__capitano_càpitano_acute_frame.wav,paolo,choice,"Вариант 1: càpitano — ударная гласная «cÀpitano», «случаются» | Вариант 2: capitàno — ударная гласная «capitÀno», «капитан»",1,1,1,"Ответ: 1. Потому что ударение падает на третий слог с конца, как в слове «càpitano»."
stress,capitano_capitàno_none_solo,capitano.,it,капитан,wav/stress__capitano_capitàno_none_solo.wav,paolo,choice,"Вариант 1: capitàno — ударная гласная «capitÀno», «капитан» | Вариант 2: càpitano — ударная гласная «cÀpitano», «случаются»",,1,,Ответ: 1. Ударение падает на предпоследний слог «ta».
stress,capitano_capitàno_none_frame,Dico capitano adesso.,it,капитан,wav/stress__capitano_capitàno_none_frame.wav,paolo,choice,"Вариант 1: capitàno — ударная гласная «capitÀno», «капитан» | Вариант 2: càpitano — ударная гласная «cÀpitano», «случаются»",,1,,Ответ: 1. В слове чётко слышно ударение на предпоследнем слоге.
stress,capitano_capitàno_grave_solo,capitàno.,it,капитан,wav/stress__capitano_capitàno_grave_solo.wav,paolo,choice,"Вариант 1: capitàno — ударная гласная «capitÀno», «капитан» | Вариант 2: càpitano — ударная гласная «cÀpitano», «случаются»",1,1,1,"Ответ: 1. Ударение падает на предпоследний слог, на гласную «а» в слове «capitano»."
stress,capitano_capitàno_grave_frame,Dico capitàno adesso.,it,капитан,wav/stress__capitano_capitàno_grave_frame.wav,paolo,choice,"Вариант 1: capitàno — ударная гласная «capitÀno», «капитан» | Вариант 2: càpitano — ударная гласная «cÀpitano», «случаются»",1,1,1,Ответ: 1. Ударение падает на третий слог: capiTAno.
stress,capitano_capitàno_acute_solo,capitáno.,it,капитан,wav/stress__capitano_capitàno_acute_solo.wav,paolo,choice,"Вариант 1: càpitano — ударная гласная «cÀpitano», «случаются» | Вариант 2: capitàno — ударная гласная «capitÀno», «капитан»",2,2,1,Ответ: 2. Ударение падает на предпоследний слог: capitàno.
stress,capitano_capitàno_acute_frame,Dico capitáno adesso.,it,капитан,wav/stress__capitano_capitàno_acute_frame.wav,paolo,choice,"Вариант 1: capitàno — ударная гласная «capitÀno», «капитан» | Вариант 2: càpitano — ударная гласная «cÀpitano», «случаются»",1,1,1,"Ответ: 1. Я слышу, что ударрение падает на последний слог, на гласную «а»."
stress,principi_prìncipi_none_solo,principi.,it,принцы,wav/stress__principi_prìncipi_none_solo.wav,paolo,choice,"Вариант 1: princìpi — ударная гласная «princÌpi», «принципы» | Вариант 2: prìncipi — ударная гласная «prÌncipi», «принцы»",,2,,Ответ: 2. Ударение падает на первый слог.
stress,principi_prìncipi_none_frame,Dico principi adesso.,it,принцы,wav/stress__principi_prìncipi_none_frame.wav,paolo,choice,"Вариант 1: prìncipi — ударная гласная «prÌncipi», «принцы» | Вариант 2: princìpi — ударная гласная «princÌpi», «принципы»",,2,,Ответ: 2. В слове хорошо слышно ударение на вторую гласную «i».
stress,principi_prìncipi_grave_solo,prìncipi.,it,принцы,wav/stress__principi_prìncipi_grave_solo.wav,paolo,choice,"Вариант 1: prìncipi — ударная гласная «prÌncipi», «принцы» | Вариант 2: princìpi — ударная гласная «princÌpi», «принципы»",1,2,0,"Ответ: 2. Я услышал, что ударный слог «cì» с гласной «i»."
stress,principi_prìncipi_grave_frame,Dico prìncipi adesso.,it,принцы,wav/stress__principi_prìncipi_grave_frame.wav,paolo,choice,"Вариант 1: princìpi — ударная гласная «princÌpi», «принципы» | Вариант 2: prìncipi — ударная гласная «prÌncipi», «принцы»",2,2,1,"Ответ: 2. В записи четко слышно, что ударным является первый слог: ""prìncipi""."
stress,principi_prìncipi_acute_solo,príncipi.,it,принцы,wav/stress__principi_prìncipi_acute_solo.wav,paolo,choice,"Вариант 1: princìpi — ударная гласная «princÌpi», «принципы» | Вариант 2: prìncipi — ударная гласная «prÌncipi», «принцы»",2,2,1,Ответ: 2. Ударным слышится первый слог.
stress,principi_prìncipi_acute_frame,Dico príncipi adesso.,it,принцы,wav/stress__principi_prìncipi_acute_frame.wav,paolo,choice,"Вариант 1: princìpi — ударная гласная «princÌpi», «принципы» | Вариант 2: prìncipi — ударная гласная «prÌncipi», «принцы»",2,1,0,"Ответ: 1. Я четко слышу ударение на втором слоге, на букве «и»."
stress,principi_princìpi_none_solo,principi.,it,принципы,wav/stress__principi_princìpi_none_solo.wav,paolo,choice,"Вариант 1: princìpi — ударная гласная «princÌpi», «принципы» | Вариант 2: prìncipi — ударная гласная «prÌncipi», «принцы»",,2,,Ответ: 2. В записи чётко слышно ударение на первый слог: prìncipi.
stress,principi_princìpi_none_frame,Dico principi adesso.,it,принципы,wav/stress__principi_princìpi_none_frame.wav,paolo,choice,"Вариант 1: prìncipi — ударная гласная «prÌncipi», «принцы» | Вариант 2: princìpi — ударная гласная «princÌpi», «принципы»",,1,,Ответ: 1. Я четко слышу ударение на первом слоге: prìncipi.
stress,principi_princìpi_grave_solo,princìpi.,it,принципы,wav/stress__principi_princìpi_grave_solo.wav,paolo,choice,"Вариант 1: prìncipi — ударная гласная «prÌncipi», «принцы» | Вариант 2: princìpi — ударная гласная «princÌpi», «принципы»",2,1,0,"Ответ: 1
Я слышу, что ударным является первый слог, как в слове prìncipi."
stress,principi_princìpi_grave_frame,Dico princìpi adesso.,it,принципы,wav/stress__principi_princìpi_grave_frame.wav,paolo,choice,"Вариант 1: princìpi — ударная гласная «princÌpi», «принципы» | Вариант 2: prìncipi — ударная гласная «prÌncipi», «принцы»",1,1,1,"Ответ: 1. Я четко слышу ударение на втором слоге, как в слове ""princìpi""."
stress,principi_princìpi_acute_solo,princípi.,it,принципы,wav/stress__principi_princìpi_acute_solo.wav,paolo,choice,"Вариант 1: prìncipi — ударная гласная «prÌncipi», «принцы» | Вариант 2: princìpi — ударная гласная «princÌpi», «принципы»",2,1,0,Ответ: 1. Ударение четко падает на первый слог.
stress,principi_princìpi_acute_frame,Dico princípi adesso.,it,принципы,wav/stress__principi_princìpi_acute_frame.wav,paolo,choice,"Вариант 1: princìpi — ударная гласная «princÌpi», «принципы» | Вариант 2: prìncipi — ударная гласная «prÌncipi», «принцы»",1,2,0,"Ответ: 2. Ударение падает на первый слог, как в слове «prìncipi» (принцы)."
geminates,pala_palla,Pala. Palla.,it,,wav/geminates__pala_palla.wav,paolo,choice,"Вариант 1: оба раза palla | Вариант 2: оба раза pala | Вариант 3: сначала palla, потом pala | Вариант 4: сначала pala, потом palla",4,4,1,"Ответ: 4. В первом слове звук короткий, а во втором — длинный."
geminates,pala_palla_sent,"Ho detto pala, non palla.",it,,wav/geminates__pala_palla_sent.wav,paolo,choice,"Вариант 1: сначала pala, потом palla | Вариант 2: сначала palla, потом pala | Вариант 3: оба раза palla | Вариант 4: оба раза pala",1,0,0,"Ответ: ноль. К сожалению, в записи нет нужных слов."
geminates,caro_carro,Caro. Carro.,it,,wav/geminates__caro_carro.wav,paolo,choice,"Вариант 1: сначала caro, потом carro | Вариант 2: сначала carro, потом caro | Вариант 3: оба раза caro | Вариант 4: оба раза carro",1,3,0,"Ответ: 3. В обоих случаях отчетливо слышен один звук «р», без удвоения."
geminates,caro_carro_sent,"Ho detto caro, non carro.",it,,wav/geminates__caro_carro_sent.wav,paolo,choice,"Вариант 1: оба раза carro | Вариант 2: сначала caro, потом carro | Вариант 3: оба раза caro | Вариант 4: сначала carro, потом caro",2,3,0,Ответ: 3. В обоих случаях синтезатор произносит одинарную согласную: «caro».
geminates,sete_sette,Sete. Sette.,it,,wav/geminates__sete_sette.wav,paolo,choice,"Вариант 1: сначала sette, потом sete | Вариант 2: сначала sete, потом sette | Вариант 3: оба раза sete | Вариант 4: оба раза sette",2,1,0,"Ответ: 1. В первом слове чётко слышна длинная согласная «т», а во втором — короткая."
geminates,sete_sette_sent,"Ho detto sete, non sette.",it,,wav/geminates__sete_sette_sent.wav,paolo,choice,"Вариант 1: сначала sette, потом sete | Вариант 2: сначала sete, потом sette | Вариант 3: оба раза sette | Вариант 4: оба раза sete",2,0,0,"Ответ: ноль. К сожалению, у меня нет звуковой записи, чтобы различить произношение."
geminates,nono_nonno,Nono. Nonno.,it,,wav/geminates__nono_nonno.wav,paolo,choice,"Вариант 1: сначала nonno, потом nono | Вариант 2: оба раза nonno | Вариант 3: сначала nono, потом nonno | Вариант 4: оба раза nono",3,3,1,"Ответ: 3. В первом слове согласный звук короткий, а во втором слышна долгая, двойная согласная."
geminates,nono_nonno_sent,"Ho detto nono, non nonno.",it,,wav/geminates__nono_nonno_sent.wav,paolo,choice,"Вариант 1: сначала nono, потом nonno | Вариант 2: оба раза nono | Вариант 3: сначала nonno, потом nono | Вариант 4: оба раза nonno",1,2,0,"Ответ: 2. В обоих случаях произносится короткая согласная, поэтому я слышу только «nono»."
geminates,papa_papà,Papa. Papà.,it,,wav/geminates__papa_papà.wav,paolo,choice,"Вариант 1: сначала papà, потом papa | Вариант 2: сначала papa, потом papà | Вариант 3: оба раза papà | Вариант 4: оба раза papa",2,3,0,Ответ: 3. В обоих случаях чётко слышно ударение на последний слог.
geminates,papa_papà_sent,"Ho detto papa, non papà.",it,,wav/geminates__papa_papà_sent.wav,paolo,choice,"Вариант 1: сначала papa, потом papà | Вариант 2: оба раза papà | Вариант 3: сначала papà, потом papa | Вариант 4: оба раза papa",1,0,0,"Ответ: ноль. В записи произнесена фраза на итальянском, а не два целевых слова для сравнения."
geminates,camino_cammino,Camino. Cammino.,it,,wav/geminates__camino_cammino.wav,paolo,choice,"Вариант 1: сначала cammino, потом camino | Вариант 2: оба раза camino | Вариант 3: оба раза cammino | Вариант 4: сначала camino, потом cammino",4,4,1,"Ответ: 4. В первом слове «m» звучит коротко, а во втором — отчетливо долго."
geminates,camino_cammino_sent,"Ho detto camino, non cammino.",it,,wav/geminates__camino_cammino_sent.wav,paolo,choice,"Вариант 1: сначала cammino, потом camino | Вариант 2: оба раза cammino | Вариант 3: сначала camino, потом cammino | Вариант 4: оба раза camino",3,4,0,Ответ: 4. В обоих случаях слышна одинарная согласная «m» в слове camino.
it_ambiguous,plain,Ho visto i principi.,it,,wav/it_ambiguous__plain.wav,paolo,choice,Вариант 1: princìpi (принципы) | Вариант 2: prìncipi (принцы),,2,,"Ответ: 2. Ударение падает на первый слог, как в слове prìncipi (принцы)."
it_ambiguous,princes,Ho visto i prìncipi.,it,,wav/it_ambiguous__princes.wav,paolo,choice,Вариант 1: princìpi (принципы) | Вариант 2: prìncipi (принцы),2,2,1,"Ответ: 2. Ударение падает на первый слог, значит, речь идёт о принцах."
it_ambiguous,principles,Ho visto i princìpi.,it,,wav/it_ambiguous__principles.wav,paolo,choice,Вариант 1: princìpi (принципы) | Вариант 2: prìncipi (принцы),1,1,1,"Ответ: 1. Ударение падает на второй слог, то есть «princìpi»."
he_ambiguous,plain,הבוקר היה נחמד.,he,,wav/he_ambiguous__plain.wav,hava,choice,"Вариант 1: בּוֹקֵר, бокéр — ковбой | Вариант 2: בֹּקֶר, бóкер — утро",,1,,Ответ: 1. В синтезированной речи отчетливо слышно ударение на последний слог.
he_ambiguous,morning,הַבֹּקֶר הָיָה נֶחְמָד.,he,,wav/he_ambiguous__morning.wav,hava,choice,"Вариант 1: בּוֹקֵר, бокéр — ковбой | Вариант 2: בֹּקֶר, бóкер — утро",2,2,1,"Ответ: 2. Ударение падает на первый слог, как в слове ""утро""."
he_ambiguous,cowboy,הַבּוֹקֵר הָיָה נֶחְמָד.,he,,wav/he_ambiguous__cowboy.wav,hava,choice,"Вариант 1: בֹּקֶר, бóкер — утро | Вариант 2: בּוֹקֵר, бокéр — ковбой",2,1,0,Ответ: 1. В записи чётко слышно ударение на первый слог: бóкер.
he_stress,banu_plain,בָּנוּ.,he,,wav/he_stress__banu_plain.wav,hava,choice,Вариант 1: бáну — «в нас» (ударение на первый слог) | Вариант 2: банý — «построили» (ударение на последний),,1,,Ответ: 1. Ударение падает на первый слог.
he_stress,banu_ole_first,בָּ֫נוּ.,he,,wav/he_stress__banu_ole_first.wav,hava,choice,Вариант 1: банý — «построили» (ударение на последний) | Вариант 2: бáну — «в нас» (ударение на первый слог),2,1,0,Ответ: 1. Ударение четко слышно на последнем слоге.
he_stress,shalom_plain,שָׁלוֹם.,he,,wav/he_stress__shalom_plain.wav,hava,choice,Вариант 1: шалóм — ударение на последний слог | Вариант 2: шáлом — ударение на первый слог,1,1,1,"Ответ: 1. Ударение отчётливо падает на последний слог — ""лом""."
he_stress,shalom_ole_wrong,שָׁ֫לוֹם.,he,,wav/he_stress__shalom_ole_wrong.wav,hava,choice,Вариант 1: шáлом — ударение на первый слог | Вариант 2: шалóм — ударение на последний слог,1,2,0,"Ответ: 2. Чётко слышно, что ударение падает на последний слог."
ru,nostress_plain,Сегодня мы говорим о прошедшем времени. Это совсем не сложно.,ru,,wav/ru__nostress_plain.wav,paolo,rate,,,5,,"Оценка: 5. Ошибок нет, произношение звучит очень естественно и чётко."
ru,nostress_zamok_plain,Это старый замок.,ru,,wav/ru__nostress_zamok_plain.wav,paolo,choice,Вариант 1: замóк — на двери | Вариант 2: зáмок — крепость,,2,,Ответ: 2. Ударение падает на первый слог.
ru,nostress_zamok_1,Это старый за́мок.,ru,,wav/ru__nostress_zamok_1.wav,paolo,choice,Вариант 1: зáмок — крепость | Вариант 2: замóк — на двери,1,1,1,Ответ: 1. Ударение падает на первый слог.
ru,nostress_zamok_2,Это старый замо́к.,ru,,wav/ru__nostress_zamok_2.wav,paolo,choice,Вариант 1: зáмок — крепость | Вариант 2: замóк — на двери,2,1,0,"Ответ: 1. Ударение падает на первый слог, как в слове «крепость»."
ru,nostress_plachu_1,"Я пла́чу, когда слушаю эту песню.",ru,,wav/ru__nostress_plachu_1.wav,paolo,choice,Вариант 1: плáчу — от слёз | Вариант 2: плачý — деньги,1,1,1,"Ответ: 1. Ударение падает на первый слог, соответствуя смыслу предложения."
ru,nostress_plachu_2,Я плачу́ за кофе.,ru,,wav/ru__nostress_plachu_2.wav,paolo,choice,Вариант 1: плачý — деньги | Вариант 2: плáчу — от слёз,1,1,1,"Ответ: 1. Ударение падает на последний слог, так как речь идет об оплате."
ru,nostress_muka_1,Это была настоящая му́ка.,ru,,wav/ru__nostress_muka_1.wav,paolo,choice,Вариант 1: мýка — страдание | Вариант 2: мукá — для теста (муку),1,1,1,"Ответ: 1. Ударение падает на первый слог, так как речь идёт о страдании."
ru,nostress_muka_2,Купи муку́ для пиццы.,ru,,wav/ru__nostress_muka_2.wav,paolo,choice,Вариант 1: мýка — страдание | Вариант 2: мукá — для теста (муку),2,2,1,"Ответ: 2. Ударение падает на второй слог, на букву ""у""."
stress_v2,telefonano_none,Dico telefonano adesso.,it,4-й от конца,wav/stress_v2__telefonano_none.wav,paolo,choice,Вариант 1: telefònano — ударная гласная «telefÒnano» | Вариант 2: telèfonano — ударная гласная «telÈfonano»,2,2,1,Ответ: 2. Ударение падает на гласную «е» в слове «telèfonano».
stress_v2,telefonano_grave,Dico telèfonano adesso.,it,4-й от конца,wav/stress_v2__telefonano_grave.wav,paolo,choice,Вариант 1: telefònano — ударная гласная «telefÒnano» | Вариант 2: telèfonano — ударная гласная «telÈfonano»,2,1,0,Ответ: 1. В синтезированном слове четко слышно ударение на звук «о» в слоге «fo».
stress_v2,parliamo_none,Dico parliamo adesso.,it,,wav/stress_v2__parliamo_none.wav,paolo,choice,Вариант 1: parliàmo — ударная гласная «parliÀmo» | Вариант 2: pàrliamo — ударная гласная «pÀrliamo»,1,1,1,"Ответ: 1. Я четко слышу ударение на слоге «амо», как и должно быть в слове parliamo."
stress_v2,parliamo_grave,Dico parliàmo adesso.,it,,wav/stress_v2__parliamo_grave.wav,paolo,choice,Вариант 1: pàrliamo — ударная гласная «pÀrliamo» | Вариант 2: parliàmo — ударная гласная «parliÀmo»,2,2,1,Ответ: 2. В записи чётко слышно ударение на гласную «а» в последнем слоге.
stress_v2,desiderano_none,Dico desiderano adesso.,it,4-й от конца,wav/stress_v2__desiderano_none.wav,paolo,choice,Вариант 1: desìderano — ударная гласная «desÌderano» | Вариант 2: desidèrano — ударная гласная «desidÈrano»,1,1,1,"Ответ: 1. Ударение падает на гласную «i», как в слове «desìderano»."
stress_v2,desiderano_grave,Dico desìderano adesso.,it,4-й от конца,wav/stress_v2__desiderano_grave.wav,paolo,choice,Вариант 1: desidèrano — ударная гласная «desidÈrano» | Вариант 2: desìderano — ударная гласная «desÌderano»,2,2,1,Ответ: 2. Ударение падает на вторую гласную «и».
stress_v2,capiscono_none,Dico capiscono adesso.,it,,wav/stress_v2__capiscono_none.wav,paolo,choice,Вариант 1: capìscono — ударная гласная «capÌscono» | Вариант 2: capiscòno — ударная гласная «capiscÒno»,1,2,0,Ответ: 2. В записи чётко слышно ударение на предпоследнем слоге — «capiscòno».
stress_v2,capiscono_grave,Dico capìscono adesso.,it,,wav/stress_v2__capiscono_grave.wav,paolo,choice,Вариант 1: capìscono — ударная гласная «capÌscono» | Вариант 2: capiscòno — ударная гласная «capiscÒno»,1,1,1,"Ответ: 1. Ударение падает на гласную «и» в середине слова, как и должно быть в итальянском."
stress_v2,scrivono_none,Dico scrivono adesso.,it,,wav/stress_v2__scrivono_none.wav,paolo,choice,Вариант 1: scrivòno — ударная гласная «scrivÒno» | Вариант 2: scrìvono — ударная гласная «scrÌvono»,2,2,1,"Ответ: 2. Ударение падает на первый слог, как и должно быть в слове «scrivono»."
stress_v2,scrivono_grave,Dico scrìvono adesso.,it,,wav/stress_v2__scrivono_grave.wav,paolo,choice,Вариант 1: scrivòno — ударная гласная «scrivÒno» | Вариант 2: scrìvono — ударная гласная «scrÌvono»,2,2,1,"Ответ: 2. В слове «scrìvono» ударение падает на первый слог, как и должно быть по правилам"
stress_v2,farmacia_none,Dico farmacia adesso.,it,,wav/stress_v2__farmacia_none.wav,paolo,choice,Вариант 1: farmacìa — ударная гласная «farmacÌa» | Вариант 2: farmàcia — ударная гласная «farmÀcia»,1,1,1,Ответ: 1. Ударная гласная «и» слышна в последнем слоге.
stress_v2,farmacia_grave,Dico farmacìa adesso.,it,,wav/stress_v2__farmacia_grave.wav,paolo,choice,Вариант 1: farmacìa — ударная гласная «farmacÌa» | Вариант 2: farmàcia — ударная гласная «farmÀcia»,1,1,1,"Ответ: 1. Ударение падает на последний слог, на гласную «и»."
stress_v2,psicologia_none,Dico psicologia adesso.,it,,wav/stress_v2__psicologia_none.wav,paolo,choice,Вариант 1: psicologìa — ударная гласная «psicologÌa» | Вариант 2: psicològia — ударная гласная «psicolÒgia»,1,1,1,"Ответ: 1. Ударение падает на последний слог, на гласную «и»."
stress_v2,psicologia_grave,Dico psicologìa adesso.,it,,wav/stress_v2__psicologia_grave.wav,paolo,choice,Вариант 1: psicologìa — ударная гласная «psicologÌa» | Вариант 2: psicològia — ударная гласная «psicolÒgia»,1,1,1,"Ответ: 1. В записи отчетливо слышно, что ударение падает на последний слог, на гласную ""и""."
stress_v2,Brindisi_none,Dico Brindisi adesso.,it,,wav/stress_v2__Brindisi_none.wav,paolo,choice,Вариант 1: brindìsi — ударная гласная «brindÌsi» | Вариант 2: brìndisi — ударная гласная «brÌndisi»,2,2,1,"Ответ: 2. Ударение падает на первый слог, как в слове «brìndisi»."
stress_v2,Brindisi_grave,Dico Brìndisi adesso.,it,,wav/stress_v2__Brindisi_grave.wav,paolo,choice,Вариант 1: brìndisi — ударная гласная «brÌndisi» | Вариант 2: brindìsi — ударная гласная «brindÌsi»,1,2,0,Ответ: 2. В слове чётко слышно ударение на втором слоге.
stress_v2,famiglia_none,Dico famiglia adesso.,it,,wav/stress_v2__famiglia_none.wav,paolo,choice,Вариант 1: famiglìa — ударная гласная «famiglÌa» | Вариант 2: famìglia — ударная гласная «famÌglia»,2,1,0,"Ответ: 1
Потому что ударным слышится последний слог, акцент падает на гласную «и»."
stress_v2,famiglia_grave,Dico famìglia adesso.,it,,wav/stress_v2__famiglia_grave.wav,paolo,choice,Вариант 1: famiglìa — ударная гласная «famiglÌa» | Вариант 2: famìglia — ударная гласная «famÌglia»,2,2,1,"Ответ: 2. В слове чётко слышно ударение на предпоследний слог, на букву «и»."
stress_v2,subito_none,Dico subito adesso.,it,,wav/stress_v2__subito_none.wav,paolo,choice,"Вариант 1: subìto — ударная гласная «subÌto», «перенёс, пострадал от» | Вариант 2: sùbito — ударная гласная «sÙbito», «сразу»",2,2,1,"Ответ: 2. Ударение четко слышно на первом слоге, как в слове «sùbito»."
stress_v2,subito_grave,Dico sùbito adesso.,it,,wav/stress_v2__subito_grave.wav,paolo,choice,"Вариант 1: subìto — ударная гласная «subÌto», «перенёс, пострадал от» | Вариант 2: sùbito — ударная гласная «sÙbito», «сразу»",2,2,1,"Ответ: 2. Ударение падает на первый слог, как и должно быть в слове «sùbito»."
it_a1,v3_00,"Ciao, mi chiamo Paolo. Come ti chiami?",it,,wav/it_a1__v3_00.wav,paolo,rate,,,5,,"Оценка: 5. Произношение отличное, все ударения и звуки звучат очень естественно, как у носителя языка."
it_a1,v3_01,"Piacere! Sono russa, di Mosca.",it,,wav/it_a1__v3_01.wav,paolo,rate,,,5,,"Оценка: 5. Произношение отличное, звучит очень естественно и чисто, акцент практически отсутствует."
it_a1,v3_02,"Vorrei un caffè e un cornetto, per favore.",it,,wav/it_a1__v3_02.wav,paolo,rate,,,5,,"Оценка: 5. Произношение очень естественное, звучит как живая речь носителя языка."
it_a1,v3_03,Quanto costa questo libro?,it,,wav/it_a1__v3_03.wav,paolo,rate,,,5,,"Оценка: 5. Произношение идеальное, звучит естественно и грамотно, ошибок нет."
it_a1,v3_04,Dov'è la stazione? È lontana da qui?,it,,wav/it_a1__v3_04.wav,paolo,rate,,,5,,"Оценка: 5. Произношение отличное, звучит очень естественно, ошибок нет."
it_a1,v3_05,C'è una farmacia vicino all'albergo?,it,,wav/it_a1__v3_05.wav,paolo,rate,,,5,,"Оценка: 5. Произношение отличное, звучит естественно и без явных акцентов или ошибок в ударении."
it_a1,v3_06,"Mi piace la musica, ma non mi piacciono i film dell'orrore.",it,,wav/it_a1__v3_06.wav,paolo,rate,,,5,,"Оценка: 5. Произношение звучит очень естественно, ударения и интонация правильные, явных ошибок нет."
it_a1,v3_07,Ho ventitré anni e abito a Mosca.,it,,wav/it_a1__v3_07.wav,paolo,rate,,,5,,"Оценка: 5. Произношение идеальное, звучит очень естественно и ритмично, ошибок нет."
it_a1,v3_08,Ieri ho mangiato la pizza con i miei amici.,it,,wav/it_a1__v3_08.wav,paolo,rate,,,5,,"Оценка: 5. Произношение звучит очень естественно, ритм и интонация практически как у носителя языка."
it_a1,v3_09,"Scusi, a che ora parte il treno per Firenze?",it,,wav/it_a1__v3_09.wav,paolo,rate,,,5,,"Оценка: 5. Ошибок нет, произношение звучит очень естественно и практически неотличимо от речи носителя языка."
it_a1,v3_10,Mia sorella lavora in un ospedale.,it,,wav/it_a1__v3_10.wav,paolo,rate,,,5,,"Оценка: 5. Ошибок в произношении нет, звучит очень естественно и правильно."
it_a1,v3_11,"Domani andiamo al mare, se non piove.",it,,wav/it_a1__v3_11.wav,paolo,rate,,,5,,"Оценка: 5. Произношение звучит очень естественно, интонация, ритм и звуки соответствуют речи носителя. Ошибок не обнаружено."
it_a1,v2_00,"Ciao, mi chiamo Paolo. Come ti chiami?",it,,wav/it_a1__v2_00.wav,paolo,rate,,,5,,"Оценка: 5. Звучит очень естественно и правильно, как у носителя языка."
it_a1,v2_01,"Piacere! Sono russa, di Mosca.",it,,wav/it_a1__v2_01.wav,paolo,rate,,,4,,"Оценка: 4. Произношение хорошее, звучит чисто, но чувствуется легкая механическая интонация, свойственная синтезаторам. В целом, звуки и ударения правильные."
it_a1,v2_02,"Vorrei un caffè e un cornetto, per favore.",it,,wav/it_a1__v2_02.wav,paolo,rate,,,5,,Оценка: 5. Ошибок нет. Произношение очень естественное и звучит как речь носителя языка.
it_a1,v2_03,Quanto costa questo libro?,it,,wav/it_a1__v2_03.wav,paolo,rate,,,5,,"Оценка: 5. Произношение отличное, звуки и ударения очень естественные. Нет никаких акцентов или ошибок."
it_a1,v2_04,Dov'è la stazione? È lontana da qui?,it,,wav/it_a1__v2_04.wav,paolo,rate,,,5,,"Оценка: 5. Произношение звучит очень естественно, практически как у носителя языка. Ошибок нет."
it_a1,v2_05,C'è una farmacia vicino all'albergo?,it,,wav/it_a1__v2_05.wav,paolo,rate,,,5,,"Оценка: 5. Произношение отличное, все ударения и звуки поставлены правильно, интонация очень естественная."
it_a1,v2_06,"Mi piace la musica, ma non mi piacciono i film dell'orrore.",it,,wav/it_a1__v2_06.wav,paolo,rate,,,5,,"Оценка: 5. Произношение очень естественное и близкое к речи носителя. Ударения и интонация правильные. Звуки, включая раскатистую «r», произнесены корректно. Синтез высокого качества."
it_a1,v2_07,Ho ventitré anni e abito a Mosca.,it,,wav/it_a1__v2_07.wav,paolo,rate,,,5,,"Оценка: 5. Ошибок нет, произношение естественное, звучит как речь носителя."
it_a1,v2_08,Ieri ho mangiato la pizza con i miei amici.,it,,wav/it_a1__v2_08.wav,paolo,rate,,,5,,"Оценка: 5. Произношение отличное, ритм и звуки очень естественные, как у носителя языка."
it_a1,v2_09,"Scusi, a che ora parte il treno per Firenze?",it,,wav/it_a1__v2_09.wav,paolo,rate,,,5,,"Оценка: 5. Произношение очень естественное, интонация и ударения правильные, звуки чистые и соответствуют итальянской фонетике. Идеально для синтезатора."
it_a1,v2_10,Mia sorella lavora in un ospedale.,it,,wav/it_a1__v2_10.wav,paolo,rate,,,5,,"Оценка: 5. Ошибок нет, звучит очень естественно и правильно, как настоящий итальянец."
it_a1,v2_11,"Domani andiamo al mare, se non piove.",it,,wav/it_a1__v2_11.wav,paolo,rate,,,5,,"Оценка: 5. Произношение идеальное, звучит как речь настоящего носителя. Ошибок нет."
he_basic,00,"שלום, מה שלומך?",he,,wav/he_basic__00.wav,hava,rate,,,3,,"Оценка: 3. В первом слове «шалом» произношение хорошее, но в слове «шломха» звук «х» звучит неестественно, как обычный «к» без гортанного оттенка. Интонация тоже выдаёт синтезатор."
he_basic,01,קוראים לי פאולו.,he,,wav/he_basic__01.wav,hava,rate,,,3,,"Оценка: 3. Ударение в слове «להוציא» поставлено неверно, звучит неестественно и механически, интонация не похожа на речь носителя."
he_basic,02,"אני רוצה כוס קפה, בבקשה.",he,,wav/he_basic__02.wav,hava,rate,,,5,,"Оценка: 5. Произношение очень естественное, звуки и ударения на своих местах."
he_basic,03,איפה התחנה?,he,,wav/he_basic__03.wav,hava,rate,,,2,,"Оценка: 2. Звуки синтезированы неестественно, ударения неправильные, а сама фраза звучит роботизировано и трудно для восприятия."
he_basic,04,כמה זה עולה?,he,,wav/he_basic__04.wav,hava,rate,,,1,,"Оценка: 1. К сожалению, я не услышала запись на иврите. Пожалуйста, предоставьте аудиофайл для оценки."
he_basic,05,אני גר בתל אביב.,he,,wav/he_basic__05.wav,hava,rate,,,1,,"Оценка: 1. Это не иврит, записаны английские слова ""garbanzo lavage""."
clone,ru_plain,Сегодня мы говорим о прошедшем времени. Это совсем не сложно.,ru,,wav/clone__ru_plain.wav,paolo,rate,,,5,,"Оценка: 5. Звучит очень естественно, интонация правильная, звуки четкие, акцента нет. Прекрасный результат!"
clone,mix_whole,"В прошедшем времени мы всегда говорим «ho mangiato», а не «io mangiato».",ru,,wav/clone__mix_whole.wav,paolo,rate,,,4,,"Оценка: 4. В русской речи акцент минимальный, звучит естественно. В итальянских словах произношение гласных и согласных хорошее, звучит почти как у носителя, но чувствуется небольшая синтетическая интонация."
clone,it_00_cfg0.5,"Ciao, mi chiamo Paolo. Come ti chiami?",it,,wav/clone__it_00_cfg0.5.wav,paolo,rate,,,5,,"Оценка: 5. Звучит очень естественно, все ударения и звуки на своих местах. Браво, синтезатор поработал отлично!"
clone,it_00_cfg0.0,"Ciao, mi chiamo Paolo. Come ti chiami?",it,,wav/clone__it_00_cfg0.0.wav,paolo,rate,,,5,,"Оценка: 5. Звучит идеально, как настоящий носитель: интонация, гласные, ритм — всё на высоте."
clone,it_02_cfg0.5,"Vorrei un caffè e un cornetto, per favore.",it,,wav/clone__it_02_cfg0.5.wav,paolo,rate,,,5,,"Оценка: 5. Звучит очень естественно, как у носителя, ошибок не заметил."
clone,it_02_cfg0.0,"Vorrei un caffè e un cornetto, per favore.",it,,wav/clone__it_02_cfg0.0.wav,paolo,rate,,,5,,"Оценка: 5. Произношение отличное, ударения и звуки звучат очень естественно, как у носителя языка."
clone,it_06_cfg0.5,"Mi piace la musica, ma non mi piacciono i film dell'orrore.",it,,wav/clone__it_06_cfg0.5.wav,paolo,rate,,,5,,"Оценка: 5. Произношение отличное, ударения и звуки на месте, звучит очень естественно."
clone,it_06_cfg0.0,"Mi piace la musica, ma non mi piacciono i film dell'orrore.",it,,wav/clone__it_06_cfg0.0.wav,paolo,rate,,,5,,"Оценка: 5. Произношение отличное, все гласные и согласные звучат естественно, ударения расставлены правильно, очень похоже на речь носителя."
clone,it_09_cfg0.5,"Scusi, a che ora parte il treno per Firenze?",it,,wav/clone__it_09_cfg0.5.wav,paolo,rate,,,5,,"Оценка: 5. Произношение идеальное, звучит очень естественно, как речь носителя языка, ошибок нет."
clone,it_09_cfg0.0,"Scusi, a che ora parte il treno per Firenze?",it,,wav/clone__it_09_cfg0.0.wav,paolo,rate,,,5,,"Оценка: 5. Звучит очень естественно, как настоящая речь носителя. Ошибок нет."
clone,stress_telèfonano,Dico telèfonano adesso.,it,,wav/clone__stress_telèfonano.wav,paolo,rate,,,4,,"Оценка: 4. Звучит понятно, но ритм немного механический, и некоторые гласные звучат искусственно."
clone,stress_àncora,Dico àncora adesso.,it,,wav/clone__stress_àncora.wav,paolo,rate,,,5,,"Оценка: 5. Произношение отличное, все ударения и звуки на своих местах."
clone,stress_ancòra,Dico ancòra adesso.,it,,wav/clone__stress_ancòra.wav,paolo,rate,,,5,,"Оценка: 5. Произношение отличное, звучит очень естественно, как у носителя языка, ошибок нет."
slow,00_cfg0.5_ex0.5,"Ciao, mi chiamo Paolo. Come ti chiami?",it,,wav/slow__00_cfg0.5_ex0.5.wav,paolo,rate,,,5,,"Оценка: 5. Ошибок нет, произношение звучит очень естественно и как у носителя."
slow,00_cfg0.3_ex0.5,"Ciao, mi chiamo Paolo. Come ti chiami?",it,,wav/slow__00_cfg0.3_ex0.5.wav,paolo,rate,,,5,,"Оценка: 5. Произношение идеальное, все звуки и ударения звучат абсолютно естественно, как у носителя языка."
slow,00_cfg0.3_ex0.3,"Ciao, mi chiamo Paolo. Come ti chiami?",it,,wav/slow__00_cfg0.3_ex0.3.wav,paolo,rate,,,5,,"Оценка: 5. Произношение звучит очень естественно, все ударения и звуки на своих местах, как у настоящего носителя."
slow,00_stretch0.8,"Ciao, mi chiamo Paolo. Come ti chiami?",it,librosa x0.8,wav/slow__00_stretch0.8.wav,paolo,rate,,,5,,"Оценка: 5. Произношение отличное, звучит очень естественно, как у настоящего носителя языка."
slow,02_cfg0.5_ex0.5,"Vorrei un caffè e un cornetto, per favore.",it,,wav/slow__02_cfg0.5_ex0.5.wav,paolo,rate,,,5,,"Оценка: 5. Произношение звучит очень естественно и правильно, ударения и интонация на месте, как у носителя языка."
slow,02_cfg0.3_ex0.5,"Vorrei un caffè e un cornetto, per favore.",it,,wav/slow__02_cfg0.3_ex0.5.wav,paolo,rate,,,5,,"Оценка: 5. Ошибки отсутствуют: интонация естественная, звуки и ударения правильные."
slow,02_cfg0.3_ex0.3,"Vorrei un caffè e un cornetto, per favore.",it,,wav/slow__02_cfg0.3_ex0.3.wav,paolo,rate,,,5,,"Оценка: 5. Произношение отличное, звучит очень естественно, все ударения и звуки на своих местах, как у носителя."
slow,02_stretch0.8,"Vorrei un caffè e un cornetto, per favore.",it,librosa x0.8,wav/slow__02_stretch0.8.wav,paolo,rate,,,5,,"Оценка: 5. Звучит очень естественно, интонация правильная, все звуки произнесены как надо."
slow,09_cfg0.5_ex0.5,"Scusi, a che ora parte il treno per Firenze?",it,,wav/slow__09_cfg0.5_ex0.5.wav,paolo,rate,,,5,,"Оценка: 5. Произношение отличное, интонация звучит очень естественно, как у носителя языка."
slow,09_cfg0.3_ex0.5,"Scusi, a che ora parte il treno per Firenze?",it,,wav/slow__09_cfg0.3_ex0.5.wav,paolo,rate,,,5,,"Оценка: 5. Произношение отличное, звучит очень естественно, как у носителя языка. Ошибок нет."
slow,09_cfg0.3_ex0.3,"Scusi, a che ora parte il treno per Firenze?",it,,wav/slow__09_cfg0.3_ex0.3.wav,paolo,rate,,,5,,"Оценка: 5. Звучит очень естественно и грамотно. Все звуки и ударения на своих местах. Единственное, интонация могла бы быть чуть более живой, с характерной итальянской мелодикой."
slow,09_stretch0.8,"Scusi, a che ora parte il treno per Firenze?",it,librosa x0.8,wav/slow__09_stretch0.8.wav,paolo,rate,,,5,,"Оценка: 5. Произношение отличное, интонация естественная, звуки и ударения правильные, звучит абсолютно как речь носителя."
mix,whole_ru,"В прошедшем времени мы всегда говорим «ho mangiato», а не «io mangiato».",ru,,wav/mix__whole_ru.wav,paolo,rate,,,4,,"Оценка: 4. В русской речи слышны отдельные роботизированные нотки и лёгкие проблемы с интонацией. В итальянском слове ""mangiato"" звук ""j"" звучит чуть неестественно, хотя ударение на месте."
mix,split_ru_it,"В прошедшем времени мы всегда говорим, | ho mangiato, | а не | io mangiato.",ru+it,склейка,wav/mix__split.wav,paolo,rate,,,3,,"Оценка: 3. В русской речи чувствуется механический акцент. Итальянские слова звучат искусственно, с неестественной интонацией и отсутствием плавности."
ru_repeat,0,Сегодня мы говорим о прошедшем времени. Это совсем не сложно.,ru,,wav/ru_repeat__0.wav,paolo,rate,,,5,,"Оценка: 5. Произношение звучит очень естественно, ударения и интонация правильные, акцента нет."
ru_repeat,1,Сегодня мы говорим о прошедшем времени. Это совсем не сложно.,ru,,wav/ru_repeat__1.wav,paolo,rate,,,5,,"Оценка: 5. Звучит очень естественно, все ударения на своих местах, акцент отсутствует. Отличная работа синтезатора."
ru_repeat,2,Сегодня мы говорим о прошедшем времени. Это совсем не сложно.,ru,,wav/ru_repeat__2.wav,paolo,rate,,,4,,"Оценка: 4. Звуки произнесены четко, и ударения правильные. Однако интонация звучит довольно механически, чувствуется синтетическая природа речи."
ru_repeat,3,Сегодня мы говорим о прошедшем времени. Это совсем не сложно.,ru,,wav/ru_repeat__3.wav,paolo,rate,,,5,,"Оценка: 5. Произношение звучит очень естественно, акцент отсутствует, ударения расставлены правильно. Отличная работа синтезатора!"
ru_repeat,4,Сегодня мы говорим о прошедшем времени. Это совсем не сложно.,ru,,wav/ru_repeat__4.wav,paolo,rate,,,5,,"Оценка: 5. Произношение отличное, ударения и акцент звучат совершенно естественно, как у носителя языка."
ru_repeat,5,Сегодня мы говорим о прошедшем времени. Это совсем не сложно.,ru,,wav/ru_repeat__5.wav,paolo,rate,,,5,,"Оценка: 5. Произношение естественное, акцент практически отсутствует, ударения на своих местах. Звучит как речь носителя."
ru_repeat,6,Сегодня мы говорим о прошедшем времени. Это совсем не сложно.,ru,,wav/ru_repeat__6.wav,paolo,rate,,,5,,"Оценка: 5. Произношение практически идеальное, ударения и интонации звучат очень естественно, акцента нет."
ru_repeat,7,Сегодня мы говорим о прошедшем времени. Это совсем не сложно.,ru,,wav/ru_repeat__7.wav,paolo,rate,,,5,,"Оценка: 5. Ошибок в произношении нет, звучит очень естественно и без акцента."
